"","ANO","cod_regsaud","FAIXA_ETARIA","POP","regiao_saude","beneficiarios","populacao","sus_dependente","procedimento","total","nivel_atencao","tempo_procedimento","tempo_total"
"1",2021,52011,"0 a 14",112424,"Pirineus",88959,462039,0.19253569503873,"proced_curativos",32680.2121275477,"primario",0.5,16340.1060637738
"2",2021,52011,"0 a 14",112424,"Pirineus",88959,462039,0.19253569503873,"proced_endodontia",726.226936167726,"secundario",0.5,363.113468083863
"3",2021,52004,"0 a 14",245761,"Entorno Sul",61824,755622,0.0818186871213384,"proced_curativos",81235.1367483742,"primario",0.5,40617.5683741871
"4",2021,52004,"0 a 14",245761,"Entorno Sul",61824,755622,0.0818186871213384,"proced_endodontia",1805.22526107498,"secundario",0.5,902.612630537491
"5",2021,52003,"0 a 14",66056,"Entorno Norte",14916,234286,0.0636657760173463,"proced_curativos",22266.1776597833,"primario",0.5,11133.0888298917
"6",2021,52003,"0 a 14",66056,"Entorno Norte",14916,234286,0.0636657760173463,"proced_endodontia",494.803947995185,"secundario",0.5,247.401973997593
"7",2021,52015,"0 a 14",104382,"Sudoeste I",106124,392516,0.270368596439381,"proced_curativos",27417.7386599272,"primario",0.5,13708.8693299636
"8",2021,52015,"0 a 14",104382,"Sudoeste I",106124,392516,0.270368596439381,"proced_endodontia",609.283081331716,"secundario",0.5,304.641540665858
"9",2021,52014,"0 a 14",27266,"Serra da Mesa",11773,120738,0.097508655104441,"proced_curativos",8858.63844357203,"primario",0.5,4429.31922178602
"10",2021,52014,"0 a 14",27266,"Serra da Mesa",11773,120738,0.097508655104441,"proced_endodontia",196.858632079378,"secundario",0.5,98.4293160396892
"11",2021,52009,"0 a 14",18954,"Oeste I",5685,113710,0.0499956028493536,"proced_curativos",6482.29800369361,"primario",0.5,3241.1490018468
"12",2021,52009,"0 a 14",18954,"Oeste I",5685,113710,0.0499956028493536,"proced_endodontia",144.051066748747,"secundario",0.5,72.0255333743734
"13",2021,52010,"0 a 14",20669,"Oeste II",9711,107577,0.0902702250481051,"proced_curativos",6769.15369865306,"primario",0.5,3384.57684932653
"14",2021,52010,"0 a 14",20669,"Oeste II",9711,107577,0.0902702250481051,"proced_endodontia",150.425637747846,"secundario",0.5,75.2128188739229
"15",2021,52001,"0 a 14",384615,"Central",567932,1682850,0.33748224737796,"proced_curativos",91733.1355529013,"primario",0.5,45866.5677764507
"16",2021,52001,"0 a 14",384615,"Central",567932,1682850,0.33748224737796,"proced_endodontia",2038.51412339781,"secundario",0.5,1019.2570616989
"17",2021,52013,"0 a 14",30170,"São Patrício I",12192,161827,0.0753397146335284,"proced_curativos",10042.9202914223,"primario",0.5,5021.46014571116
"18",2021,52013,"0 a 14",30170,"São Patrício I",12192,161827,0.0753397146335284,"proced_endodontia",223.176006476052,"secundario",0.5,111.588003238026
"19",2021,52007,"0 a 14",26597,"Nordeste II",3336,95382,0.0349751525445053,"proced_curativos",9240.03571239857,"primario",0.5,4620.01785619928
"20",2021,52007,"0 a 14",26597,"Nordeste II",3336,95382,0.0349751525445053,"proced_endodontia",205.33412694219,"secundario",0.5,102.667063471095
"21",2021,52005,"0 a 14",64913,"Estrada de Ferro",60480,268517,0.225237135823803,"proced_curativos",18105.185448817,"primario",0.5,9052.59272440851
"22",2021,52005,"0 a 14",64913,"Estrada de Ferro",60480,268517,0.225237135823803,"proced_endodontia",402.337454418156,"secundario",0.5,201.168727209078
"23",2021,52002,"0 a 14",219879,"Centro Sul",136516,792519,0.172255807116296,"proced_curativos",65521.2835393473,"primario",0.5,32760.6417696737
"24",2021,52002,"0 a 14",219879,"Centro Sul",136516,792519,0.172255807116296,"proced_endodontia",1456.02852309661,"secundario",0.5,728.014261548304
"25",2021,52006,"0 a 14",12100,"Nordeste I",1596,43915,0.0363429352157577,"proced_curativos",4197.69017420016,"primario",0.5,2098.84508710008
"26",2021,52006,"0 a 14",12100,"Nordeste I",1596,43915,0.0363429352157577,"proced_endodontia",93.2820038711147,"secundario",0.5,46.6410019355573
"27",2021,52012,"0 a 14",37853,"Rio Vermelho",9424,192610,0.0489278853642075,"proced_curativos",12960.3357919111,"primario",0.5,6480.16789595556
"28",2021,52012,"0 a 14",37853,"Rio Vermelho",9424,192610,0.0489278853642075,"proced_endodontia",288.007462042469,"secundario",0.5,144.003731021235
"29",2021,52018,"0 a 14",41022,"São Patrício II",18826,158481,0.118790265079095,"proced_curativos",13013.6348685331,"primario",0.5,6506.81743426657
"30",2021,52018,"0 a 14",41022,"São Patrício II",18826,158481,0.118790265079095,"proced_endodontia",289.191885967403,"secundario",0.5,144.595942983702
"31",2021,52016,"0 a 14",50303,"Sudoeste II",45734,202826,0.225483912318933,"proced_curativos",14025.7737931034,"primario",0.5,7012.88689655172
"32",2021,52016,"0 a 14",50303,"Sudoeste II",45734,202826,0.225483912318933,"proced_endodontia",311.683862068966,"secundario",0.5,155.841931034483
"33",2021,52017,"0 a 14",49758,"Sul",49872,232871,0.214161488549454,"proced_curativos",14076.6309549922,"primario",0.5,7038.31547749612
"34",2021,52017,"0 a 14",49758,"Sul",49872,232871,0.214161488549454,"proced_endodontia",312.81402122205,"secundario",0.5,156.407010611025
"35",2021,52008,"0 a 14",26401,"Norte",6325,136710,0.0462658181552191,"proced_curativos",9064.63300855826,"primario",0.5,4532.31650427913
"36",2021,52008,"0 a 14",26401,"Norte",6325,136710,0.0462658181552191,"proced_endodontia",201.436289079072,"secundario",0.5,100.718144539536
"37",2021,52011,"15 a 29",121123,"Pirineus",88959,462039,0.19253569503873,"proced_curativos",61028.7593821301,"primario",0.5,30514.379691065
"38",2021,52011,"15 a 29",121123,"Pirineus",88959,462039,0.19253569503873,"proced_periodontia",987.805239999221,"secundario",0.5,493.902619999611
"39",2021,52011,"15 a 29",121123,"Pirineus",88959,462039,0.19253569503873,"proced_cirurgia",1936.48948039451,"secundario",1,1936.48948039451
"40",2021,52011,"15 a 29",121123,"Pirineus",88959,462039,0.19253569503873,"proced_endodontia",978.024990098239,"secundario",0.5,489.012495049119
"41",2021,52011,"15 a 29",121123,"Pirineus",88959,462039,0.19253569503873,"proced_protese",361.771443837338,"secundario",0.66,238.769152932643
"42",2021,52006,"15 a 29",10294,"Nordeste I",1596,43915,0.0363429352157577,"proced_curativos",6190.00875473073,"primario",0.5,3095.00437736537
"43",2021,52006,"15 a 29",10294,"Nordeste I",1596,43915,0.0363429352157577,"proced_periodontia",100.190846831379,"secundario",0.5,50.0954234156894
"44",2021,52006,"15 a 29",10294,"Nordeste I",1596,43915,0.0363429352157577,"proced_cirurgia",196.413739332802,"secundario",1,196.413739332802
"45",2021,52006,"15 a 29",10294,"Nordeste I",1596,43915,0.0363429352157577,"proced_endodontia",99.1988582488899,"secundario",0.5,49.599429124445
"46",2021,52006,"15 a 29",10294,"Nordeste I",1596,43915,0.0363429352157577,"proced_protese",36.6936576662644,"secundario",0.66,24.2178140597345
"47",2021,52012,"15 a 29",41528,"Rio Vermelho",9424,192610,0.0489278853642075,"proced_curativos",24645.5806125954,"primario",0.5,12322.7903062977
"48",2021,52012,"15 a 29",41528,"Rio Vermelho",9424,192610,0.0489278853642075,"proced_periodontia",398.910840043611,"secundario",0.5,199.455420021806
"49",2021,52012,"15 a 29",41528,"Rio Vermelho",9424,192610,0.0489278853642075,"proced_cirurgia",782.023230976585,"secundario",1,782.023230976585
"50",2021,52012,"15 a 29",41528,"Rio Vermelho",9424,192610,0.0489278853642075,"proced_endodontia",394.961227765952,"secundario",0.5,197.480613882976
"51",2021,52012,"15 a 29",41528,"Rio Vermelho",9424,192610,0.0489278853642075,"proced_protese",146.096158150626,"secundario",0.66,96.4234643794129
"52",2021,52001,"15 a 29",436545,"Central",567932,1682850,0.33748224737796,"proced_curativos",180472.538886674,"primario",0.5,90236.2694433372
"53",2021,52001,"15 a 29",436545,"Central",567932,1682850,0.33748224737796,"proced_periodontia",2921.11000441572,"secundario",0.5,1460.55500220786
"54",2021,52001,"15 a 29",436545,"Central",567932,1682850,0.33748224737796,"proced_cirurgia",5726.53248390409,"secundario",1,5726.53248390409
"55",2021,52001,"15 a 29",436545,"Central",567932,1682850,0.33748224737796,"proced_endodontia",2892.18812318389,"secundario",0.5,1446.09406159194
"56",2021,52001,"15 a 29",436545,"Central",567932,1682850,0.33748224737796,"proced_protese",1069.82038676572,"secundario",0.66,706.081455265375
"57",2021,52007,"15 a 29",24091,"Nordeste II",3336,95382,0.0349751525445053,"proced_curativos",14507.0100864314,"primario",0.5,7253.5050432157
"58",2021,52007,"15 a 29",24091,"Nordeste II",3336,95382,0.0349751525445053,"proced_periodontia",234.808977360508,"secundario",0.5,117.404488680254
"59",2021,52007,"15 a 29",24091,"Nordeste II",3336,95382,0.0349751525445053,"proced_cirurgia",460.318589280996,"secundario",1,460.318589280996
"60",2021,52007,"15 a 29",24091,"Nordeste II",3336,95382,0.0349751525445053,"proced_endodontia",232.484136000503,"secundario",0.5,116.242068000252
"61",2021,52007,"15 a 29",24091,"Nordeste II",3336,95382,0.0349751525445053,"proced_protese",85.9958819065861,"secundario",0.66,56.7572820583469
"62",2021,52009,"15 a 29",21532,"Oeste I",5685,113710,0.0499956028493536,"proced_curativos",12764.2286799754,"primario",0.5,6382.11433998769
"63",2021,52009,"15 a 29",21532,"Oeste I",5685,113710,0.0499956028493536,"proced_periodontia",206.600496262422,"secundario",0.5,103.300248131211
"64",2021,52009,"15 a 29",21532,"Oeste I",5685,113710,0.0499956028493536,"proced_cirurgia",405.018794653065,"secundario",1,405.018794653065
"65",2021,52009,"15 a 29",21532,"Oeste I",5685,113710,0.0499956028493536,"proced_endodontia",204.554946794477,"secundario",0.5,102.277473397239
"66",2021,52009,"15 a 29",21532,"Oeste I",5685,113710,0.0499956028493536,"proced_protese",75.6648748192771,"secundario",0.66,49.9388173807229
"67",2021,52017,"15 a 29",54814,"Sul",49872,232871,0.214161488549454,"proced_curativos",26878.7701519897,"primario",0.5,13439.3850759949
"68",2021,52017,"15 a 29",54814,"Sul",49872,232871,0.214161488549454,"proced_periodontia",435.057016883167,"secundario",0.5,217.528508441584
"69",2021,52017,"15 a 29",54814,"Sul",49872,232871,0.214161488549454,"proced_cirurgia",852.884052899674,"secundario",1,852.884052899674
"70",2021,52017,"15 a 29",54814,"Sul",49872,232871,0.214161488549454,"proced_endodontia",430.749521666502,"secundario",0.5,215.374760833251
"71",2021,52017,"15 a 29",54814,"Sul",49872,232871,0.214161488549454,"proced_protese",159.334248064439,"secundario",0.66,105.16060372253
"72",2021,52008,"15 a 29",28015,"Norte",6325,136710,0.0462658181552191,"proced_curativos",16672.5705771341,"primario",0.5,8336.28528856704
"73",2021,52008,"15 a 29",28015,"Norte",6325,136710,0.0462658181552191,"proced_periodontia",269.860517354254,"secundario",0.5,134.930258677127
"74",2021,52008,"15 a 29",28015,"Norte",6325,136710,0.0462658181552191,"proced_cirurgia",529.033489466754,"secundario",1,529.033489466754
"75",2021,52008,"15 a 29",28015,"Norte",6325,136710,0.0462658181552191,"proced_endodontia",267.188631043815,"secundario",0.5,133.594315521908
"76",2021,52008,"15 a 29",28015,"Norte",6325,136710,0.0462658181552191,"proced_protese",98.8330746231073,"secundario",0.66,65.2298292512508
"77",2021,52005,"15 a 29",71642,"Estrada de Ferro",60480,268517,0.225237135823803,"proced_curativos",34635.4701359542,"primario",0.5,17317.7350679771
"78",2021,52005,"15 a 29",71642,"Estrada de Ferro",60480,268517,0.225237135823803,"proced_periodontia",560.606167264643,"secundario",0.5,280.303083632321
"79",2021,52005,"15 a 29",71642,"Estrada de Ferro",60480,268517,0.225237135823803,"proced_cirurgia",1099.01011008316,"secundario",1,1099.01011008316
"80",2021,52005,"15 a 29",71642,"Estrada de Ferro",60480,268517,0.225237135823803,"proced_endodontia",555.055611153111,"secundario",0.5,277.527805576556
"81",2021,52005,"15 a 29",71642,"Estrada de Ferro",60480,268517,0.225237135823803,"proced_protese",205.315070565536,"secundario",0.66,135.507946573254
"82",2021,52002,"15 a 29",241344,"Centro Sul",136516,792519,0.172255807116296,"proced_curativos",124657.162960091,"primario",0.5,62328.5814800453
"83",2021,52002,"15 a 29",241344,"Centro Sul",136516,792519,0.172255807116296,"proced_periodontia",2017.68805432198,"secundario",0.5,1008.84402716099
"84",2021,52002,"15 a 29",241344,"Centro Sul",136516,792519,0.172255807116296,"proced_cirurgia",3955.46767084903,"secundario",1,3955.46767084903
"85",2021,52002,"15 a 29",241344,"Centro Sul",136516,792519,0.172255807116296,"proced_endodontia",1997.71094487325,"secundario",0.5,998.855472436623
"86",2021,52002,"15 a 29",241344,"Centro Sul",136516,792519,0.172255807116296,"proced_protese",738.953278508614,"secundario",0.66,487.709163815685
"87",2021,52003,"15 a 29",68861,"Entorno Norte",14916,234286,0.0636657760173463,"proced_curativos",40233.5924625458,"primario",0.5,20116.7962312729
"88",2021,52003,"15 a 29",68861,"Entorno Norte",14916,234286,0.0636657760173463,"proced_periodontia",651.216801076462,"secundario",0.5,325.608400538231
"89",2021,52003,"15 a 29",68861,"Entorno Norte",14916,234286,0.0636657760173463,"proced_cirurgia",1276.64283775386,"secundario",1,1276.64283775386
"90",2021,52003,"15 a 29",68861,"Entorno Norte",14916,234286,0.0636657760173463,"proced_endodontia",644.769109976695,"secundario",0.5,322.384554988348
"91",2021,52003,"15 a 29",68861,"Entorno Norte",14916,234286,0.0636657760173463,"proced_protese",238.50009378038,"secundario",0.66,157.41006189505
"92",2021,52013,"15 a 29",34497,"São Patrício I",12192,161827,0.0753397146335284,"proced_curativos",19904.3556593152,"primario",0.5,9952.1778296576
"93",2021,52013,"15 a 29",34497,"São Patrício I",12192,161827,0.0753397146335284,"proced_periodontia",322.1698592293,"secundario",0.5,161.08492961465
"94",2021,52013,"15 a 29",34497,"São Patrício I",12192,161827,0.0753397146335284,"proced_cirurgia",631.580516112886,"secundario",1,631.580516112886
"95",2021,52013,"15 a 29",34497,"São Patrício I",12192,161827,0.0753397146335284,"proced_endodontia",318.980058642872,"secundario",0.5,159.490029321436
"96",2021,52013,"15 a 29",34497,"São Patrício I",12192,161827,0.0753397146335284,"proced_protese",117.990723691998,"secundario",0.66,77.8738776367188
"97",2021,52004,"15 a 29",260875,"Entorno Sul",61824,755622,0.0818186871213384,"proced_curativos",149467.063198266,"primario",0.5,74733.5315991329
"98",2021,52004,"15 a 29",260875,"Entorno Sul",61824,755622,0.0818186871213384,"proced_periodontia",2419.25855497193,"secundario",0.5,1209.62927748597
"99",2021,52004,"15 a 29",260875,"Entorno Sul",61824,755622,0.0818186871213384,"proced_cirurgia",4742.70488994497,"secundario",1,4742.70488994497
"100",2021,52004,"15 a 29",260875,"Entorno Sul",61824,755622,0.0818186871213384,"proced_endodontia",2395.30549997221,"secundario",0.5,1197.6527499861
"101",2021,52004,"15 a 29",260875,"Entorno Sul",61824,755622,0.0818186871213384,"proced_protese",886.02350443972,"secundario",0.66,584.775512930215
"102",2021,52015,"15 a 29",115853,"Sudoeste I",106124,392516,0.270368596439381,"proced_curativos",52746.711885946,"primario",0.5,26373.355942973
"103",2021,52015,"15 a 29",115853,"Sudoeste I",106124,392516,0.270368596439381,"proced_periodontia",853.752868666755,"secundario",0.5,426.876434333378
"104",2021,52015,"15 a 29",115853,"Sudoeste I",106124,392516,0.270368596439381,"proced_cirurgia",1673.69374253483,"secundario",1,1673.69374253483
"105",2021,52015,"15 a 29",115853,"Sudoeste I",106124,392516,0.270368596439381,"proced_endodontia",845.299869967084,"secundario",0.5,422.649934983542
"106",2021,52015,"15 a 29",115853,"Sudoeste I",106124,392516,0.270368596439381,"proced_protese",312.676421900824,"secundario",0.66,206.366438454544
"107",2021,52016,"15 a 29",54934,"Sudoeste II",45734,202826,0.225483912318933,"proced_curativos",26549.4944586591,"primario",0.5,13274.7472293296
"108",2021,52016,"15 a 29",54934,"Sudoeste II",45734,202826,0.225483912318933,"proced_periodontia",429.727394282784,"secundario",0.5,214.863697141392
"109",2021,52016,"15 a 29",54934,"Sudoeste II",45734,202826,0.225483912318933,"proced_cirurgia",842.4358818613,"secundario",1,842.4358818613
"110",2021,52016,"15 a 29",54934,"Sudoeste II",45734,202826,0.225483912318933,"proced_endodontia",425.472667606717,"secundario",0.5,212.736333803359
"111",2021,52016,"15 a 29",54934,"Sudoeste II",45734,202826,0.225483912318933,"proced_protese",157.382339747725,"secundario",0.66,103.872344233498
"112",2021,52018,"15 a 29",42856,"São Patrício II",18826,158481,0.118790265079095,"proced_curativos",23565.4376254567,"primario",0.5,11782.7188127283
"113",2021,52018,"15 a 29",42856,"São Patrício II",18826,158481,0.118790265079095,"proced_periodontia",381.42775643768,"secundario",0.5,190.71387821884
"114",2021,52018,"15 a 29",42856,"São Patrício II",18826,158481,0.118790265079095,"proced_cirurgia",747.749463115452,"secundario",1,747.749463115452
"115",2021,52018,"15 a 29",42856,"São Patrício II",18826,158481,0.118790265079095,"proced_endodontia",377.651243997703,"secundario",0.5,188.825621998852
"116",2021,52018,"15 a 29",42856,"São Patrício II",18826,158481,0.118790265079095,"proced_protese",139.69319515475,"secundario",0.66,92.1975088021353
"117",2021,52010,"15 a 29",23880,"Oeste II",9711,107577,0.0902702250481051,"proced_curativos",13555.9925441312,"primario",0.5,6777.99627206559
"118",2021,52010,"15 a 29",23880,"Oeste II",9711,107577,0.0902702250481051,"proced_periodontia",219.415904961098,"secundario",0.5,109.707952480549
"119",2021,52010,"15 a 29",23880,"Oeste II",9711,107577,0.0902702250481051,"proced_cirurgia",430.142071111855,"secundario",1,430.142071111855
"120",2021,52010,"15 a 29",23880,"Oeste II",9711,107577,0.0902702250481051,"proced_endodontia",217.243470258513,"secundario",0.5,108.621735129256
"121",2021,52010,"15 a 29",23880,"Oeste II",9711,107577,0.0902702250481051,"proced_protese",80.3583596486238,"secundario",0.66,53.0365173680917
"122",2021,52014,"15 a 29",28149,"Serra da Mesa",11773,120738,0.097508655104441,"proced_curativos",15852.2388132982,"primario",0.5,7926.11940664911
"123",2021,52014,"15 a 29",28149,"Serra da Mesa",11773,120738,0.097508655104441,"proced_periodontia",256.582711561397,"secundario",0.5,128.291355780699
"124",2021,52014,"15 a 29",28149,"Serra da Mesa",11773,120738,0.097508655104441,"proced_cirurgia",503.003731575809,"secundario",1,503.003731575809
"125",2021,52014,"15 a 29",28149,"Serra da Mesa",11773,120738,0.097508655104441,"proced_endodontia",254.042288674651,"secundario",0.5,127.021144337325
"126",2021,52014,"15 a 29",28149,"Serra da Mesa",11773,120738,0.097508655104441,"proced_protese",93.9702425807534,"secundario",0.66,62.0203601032972
"127",2021,52007,"30 a 59",43949,"Nordeste II",3336,95382,0.0349751525445053,"proced_curativos",41733.2869884884,"primario",0.5,20866.6434942442
"128",2021,52007,"30 a 59",43949,"Nordeste II",3336,95382,0.0349751525445053,"proced_periodontia",911.007118407247,"secundario",0.5,455.503559203623
"129",2021,52007,"30 a 59",43949,"Nordeste II",3336,95382,0.0349751525445053,"proced_cirurgia",2225.77530605271,"secundario",1,2225.77530605271
"130",2021,52007,"30 a 59",43949,"Nordeste II",3336,95382,0.0349751525445053,"proced_endodontia",466.530647229037,"secundario",0.5,233.265323614519
"131",2021,52007,"30 a 59",43949,"Nordeste II",3336,95382,0.0349751525445053,"proced_protese",4020.90041283601,"secundario",0.66,2653.79427247177
"132",2021,52012,"30 a 59",89429,"Rio Vermelho",9424,192610,0.0489278853642075,"proced_curativos",83692.5732895281,"primario",0.5,41846.286644764
"133",2021,52012,"30 a 59",89429,"Rio Vermelho",9424,192610,0.0489278853642075,"proced_periodontia",1826.94763644214,"secundario",0.5,913.473818221068
"134",2021,52012,"30 a 59",89429,"Rio Vermelho",9424,192610,0.0489278853642075,"proced_cirurgia",4463.60390877483,"secundario",1,4463.60390877483
"135",2021,52012,"30 a 59",89429,"Rio Vermelho",9424,192610,0.0489278853642075,"proced_endodontia",935.587709537407,"secundario",0.5,467.793854768704
"136",2021,52012,"30 a 59",89429,"Rio Vermelho",9424,192610,0.0489278853642075,"proced_protese",8063.5753082185,"secundario",0.66,5321.95970342421
"137",2021,52004,"30 a 59",367806,"Entorno Sul",61824,755622,0.0818186871213384,"proced_curativos",332309.194429215,"primario",0.5,166154.597214607
"138",2021,52004,"30 a 59",367806,"Entorno Sul",61824,755622,0.0818186871213384,"proced_periodontia",7254.06656132066,"secundario",0.5,3627.03328066033
"139",2021,52004,"30 a 59",367806,"Entorno Sul",61824,755622,0.0818186871213384,"proced_cirurgia",17723.1570362248,"secundario",1,17723.1570362248
"140",2021,52004,"30 a 59",367806,"Entorno Sul",61824,755622,0.0818186871213384,"proced_endodontia",3714.83855561114,"secundario",0.5,1857.41927780557
"141",2021,52004,"30 a 59",367806,"Entorno Sul",61824,755622,0.0818186871213384,"proced_protese",32017.1803730245,"secundario",0.66,21131.3390461962
"142",2021,52015,"30 a 59",206956,"Sudoeste I",106124,392516,0.270368596439381,"proced_curativos",148585.571207207,"primario",0.5,74292.7856036034
"143",2021,52015,"30 a 59",206956,"Sudoeste I",106124,392516,0.270368596439381,"proced_periodontia",3243.51429830366,"secundario",0.5,1621.75714915183
"144",2021,52015,"30 a 59",206956,"Sudoeste I",106124,392516,0.270368596439381,"proced_cirurgia",7924.5637977177,"secundario",1,7924.5637977177
"145",2021,52015,"30 a 59",206956,"Sudoeste I",106124,392516,0.270368596439381,"proced_endodontia",1661.01756430821,"secundario",0.5,830.508782154103
"146",2021,52015,"30 a 59",206956,"Sudoeste I",106124,392516,0.270368596439381,"proced_protese",14315.8573819822,"secundario",0.66,9448.46587210823
"147",2021,52009,"30 a 59",50840,"Oeste I",5685,113710,0.0499956028493536,"proced_curativos",47525.4519743206,"primario",0.5,23762.7259871603
"148",2021,52009,"30 a 59",50840,"Oeste I",5685,113710,0.0499956028493536,"proced_periodontia",1037.44584187846,"secundario",0.5,518.722920939231
"149",2021,52009,"30 a 59",50840,"Oeste I",5685,113710,0.0499956028493536,"proced_cirurgia",2534.69077196377,"secundario",1,2534.69077196377
"150",2021,52009,"30 a 59",50840,"Oeste I",5685,113710,0.0499956028493536,"proced_endodontia",531.280459062527,"secundario",0.5,265.640229531264
"151",2021,52009,"30 a 59",50840,"Oeste I",5685,113710,0.0499956028493536,"proced_protese",4578.96138198927,"secundario",0.66,3022.11451211292
"152",2021,52001,"30 a 59",866780,"Central",567932,1682850,0.33748224737796,"proced_curativos",565069.023415848,"primario",0.5,282534.511707924
"153",2021,52001,"30 a 59",866780,"Central",567932,1682850,0.33748224737796,"proced_periodontia",12335.0433160289,"secundario",0.5,6167.52165801444
"154",2021,52001,"30 a 59",866780,"Central",567932,1682850,0.33748224737796,"proced_cirurgia",30137.0145821786,"secundario",1,30137.0145821786
"155",2021,52001,"30 a 59",866780,"Central",567932,1682850,0.33748224737796,"proced_endodontia",6316.82851379505,"secundario",0.5,3158.41425689753
"156",2021,52001,"30 a 59",866780,"Central",567932,1682850,0.33748224737796,"proced_protese",54443.0221889867,"secundario",0.66,35932.3946447312
"157",2021,52018,"30 a 59",80726,"São Patrício II",18826,158481,0.118790265079095,"proced_curativos",69998.3524682454,"primario",0.5,34999.1762341227
"158",2021,52018,"30 a 59",80726,"São Patrício II",18826,158481,0.118790265079095,"proced_periodontia",1528.01281607511,"secundario",0.5,764.006408037557
"159",2021,52018,"30 a 59",80726,"São Patrício II",18826,158481,0.118790265079095,"proced_cirurgia",3733.24546497309,"secundario",1,3733.24546497309
"160",2021,52018,"30 a 59",80726,"São Patrício II",18826,158481,0.118790265079095,"proced_endodontia",782.501907673475,"secundario",0.5,391.250953836738
"161",2021,52018,"30 a 59",80726,"São Patrício II",18826,158481,0.118790265079095,"proced_protese",6744.1705326265,"secundario",0.66,4451.15255153349
"162",2021,52014,"30 a 59",56484,"Serra da Mesa",11773,120738,0.097508655104441,"proced_curativos",50160.6999870795,"primario",0.5,25080.3499935397
"163",2021,52014,"30 a 59",56484,"Serra da Mesa",11773,120738,0.097508655104441,"proced_periodontia",1094.97137776673,"secundario",0.5,547.485688883367
"164",2021,52014,"30 a 59",56484,"Serra da Mesa",11773,120738,0.097508655104441,"proced_cirurgia",2675.23733264424,"secundario",1,2675.23733264424
"165",2021,52014,"30 a 59",56484,"Serra da Mesa",11773,120738,0.097508655104441,"proced_endodontia",560.739532375888,"secundario",0.5,280.369766187944
"166",2021,52014,"30 a 59",56484,"Serra da Mesa",11773,120738,0.097508655104441,"proced_protese",4832.86110058441,"secundario",0.66,3189.68832638571
"167",2021,52016,"30 a 59",102270,"Sudoeste II",45734,202826,0.225483912318933,"proced_curativos",77942.4041225484,"primario",0.5,38971.2020612742
"168",2021,52016,"30 a 59",102270,"Sudoeste II",45734,202826,0.225483912318933,"proced_periodontia",1701.42565096782,"secundario",0.5,850.712825483912
"169",2021,52016,"30 a 59",102270,"Sudoeste II",45734,202826,0.225483912318933,"proced_cirurgia",4156.92821986925,"secundario",1,4156.92821986925
"170",2021,52016,"30 a 59",102270,"Sudoeste II",45734,202826,0.225483912318933,"proced_endodontia",871.307363158569,"secundario",0.5,435.653681579285
"171",2021,52016,"30 a 59",102270,"Sudoeste II",45734,202826,0.225483912318933,"proced_protese",7509.56053378285,"secundario",0.66,4956.30995229668
"172",2021,52017,"30 a 59",112363,"Sul",49872,232871,0.214161488549454,"proced_curativos",86886.3858995238,"primario",0.5,43443.1929497619
"173",2021,52017,"30 a 59",112363,"Sul",49872,232871,0.214161488549454,"proced_periodontia",1896.66622878229,"secundario",0.5,948.333114391144
"174",2021,52017,"30 a 59",112363,"Sul",49872,232871,0.214161488549454,"proced_cirurgia",4633.94058130793,"secundario",1,4633.94058130793
"175",2021,52017,"30 a 59",112363,"Sul",49872,232871,0.214161488549454,"proced_endodontia",971.290899283294,"secundario",0.5,485.645449641647
"176",2021,52017,"30 a 59",112363,"Sul",49872,232871,0.214161488549454,"proced_protese",8371.29136340473,"secundario",0.66,5525.05229984712
"177",2021,52011,"30 a 59",228241,"Pirineus",88959,462039,0.19253569503873,"proced_curativos",181347.717061806,"primario",0.5,90673.8585309032
"178",2021,52011,"30 a 59",228241,"Pirineus",88959,462039,0.19253569503873,"proced_periodontia",3958.68797000773,"secundario",0.5,1979.34398500386
"179",2021,52011,"30 a 59",228241,"Pirineus",88959,462039,0.19253569503873,"proced_cirurgia",9671.87824329635,"secundario",1,9671.87824329635
"180",2021,52011,"30 a 59",228241,"Pirineus",88959,462039,0.19253569503873,"proced_endodontia",2027.26106471532,"secundario",0.5,1013.63053235766
"181",2021,52011,"30 a 59",228241,"Pirineus",88959,462039,0.19253569503873,"proced_protese",17472.4102274,"secundario",0.66,11531.790750084
"182",2021,52005,"30 a 59",141368,"Estrada de Ferro",60480,268517,0.225237135823803,"proced_curativos",107774.249757535,"primario",0.5,53887.1248787674
"183",2021,52005,"30 a 59",141368,"Estrada de Ferro",60480,268517,0.225237135823803,"proced_periodontia",2352.63301299985,"secundario",0.5,1176.31650649992
"184",2021,52005,"30 a 59",141368,"Estrada de Ferro",60480,268517,0.225237135823803,"proced_cirurgia",5747.95998706853,"secundario",1,5747.95998706853
"185",2021,52005,"30 a 59",141368,"Estrada de Ferro",60480,268517,0.225237135823803,"proced_endodontia",1204.79344241147,"secundario",0.5,602.396721205734
"186",2021,52005,"30 a 59",141368,"Estrada de Ferro",60480,268517,0.225237135823803,"proced_protese",10383.7861001147,"secundario",0.66,6853.2988260757
"187",2021,52010,"30 a 59",52541,"Oeste II",9711,107577,0.0902702250481051,"proced_curativos",47033.3423120555,"primario",0.5,23516.6711560278
"188",2021,52010,"30 a 59",52541,"Oeste II",9711,107577,0.0902702250481051,"proced_periodontia",1026.70344803146,"secundario",0.5,513.351724015728
"189",2021,52010,"30 a 59",52541,"Oeste II",9711,107577,0.0902702250481051,"proced_cirurgia",2508.44492330963,"secundario",1,2508.44492330963
"190",2021,52010,"30 a 59",52541,"Oeste II",9711,107577,0.0902702250481051,"proced_endodontia",525.779233163223,"secundario",0.5,262.889616581611
"191",2021,52010,"30 a 59",52541,"Oeste II",9711,107577,0.0902702250481051,"proced_protese",4531.5478162975,"secundario",0.66,2990.82155875635
"192",2021,52008,"30 a 59",59323,"Norte",6325,136710,0.0462658181552191,"proced_curativos",55673.1189036647,"primario",0.5,27836.5594518323
"193",2021,52008,"30 a 59",59323,"Norte",6325,136710,0.0462658181552191,"proced_periodontia",1215.30344923853,"secundario",0.5,607.651724619267
"194",2021,52008,"30 a 59",59323,"Norte",6325,136710,0.0462658181552191,"proced_cirurgia",2969.23300819545,"secundario",1,2969.23300819545
"195",2021,52008,"30 a 59",59323,"Norte",6325,136710,0.0462658181552191,"proced_endodontia",622.362101565357,"secundario",0.5,311.181050782679
"196",2021,52008,"30 a 59",59323,"Norte",6325,136710,0.0462658181552191,"proced_protese",5363.96921827321,"secundario",0.66,3540.21968406032
"197",2021,52002,"30 a 59",410418,"Centro Sul",136516,792519,0.172255807116296,"proced_curativos",334285.578296465,"primario",0.5,167142.789148232
"198",2021,52002,"30 a 59",410418,"Centro Sul",136516,792519,0.172255807116296,"proced_periodontia",7297.20957500819,"secundario",0.5,3648.6047875041
"199",2021,52002,"30 a 59",410418,"Centro Sul",136516,792519,0.172255807116296,"proced_cirurgia",17828.5641758115,"secundario",1,17828.5641758115
"200",2021,52002,"30 a 59",410418,"Centro Sul",136516,792519,0.172255807116296,"proced_endodontia",3736.93227770438,"secundario",0.5,1868.46613885219
"201",2021,52002,"30 a 59",410418,"Centro Sul",136516,792519,0.172255807116296,"proced_protese",32207.6001381856,"secundario",0.66,21257.0160912025
"202",2021,52013,"30 a 59",73875,"São Patrício I",12192,161827,0.0753397146335284,"proced_curativos",67216.3301241449,"primario",0.5,33608.1650620725
"203",2021,52013,"30 a 59",73875,"São Patrício I",12192,161827,0.0753397146335284,"proced_periodontia",1467.2833039295,"secundario",0.5,733.641651964752
"204",2021,52013,"30 a 59",73875,"São Patrício I",12192,161827,0.0753397146335284,"proced_cirurgia",3584.8709399544,"secundario",1,3584.8709399544
"205",2021,52013,"30 a 59",73875,"São Patrício I",12192,161827,0.0753397146335284,"proced_endodontia",751.402064395929,"secundario",0.5,375.701032197964
"206",2021,52013,"30 a 59",73875,"São Patrício I",12192,161827,0.0753397146335284,"proced_protese",6476.12946519277,"secundario",0.66,4274.24544702723
"207",2021,52003,"30 a 59",114144,"Entorno Norte",14916,234286,0.0636657760173463,"proced_curativos",105166.90272368,"primario",0.5,52583.4513618398
"208",2021,52003,"30 a 59",114144,"Entorno Norte",14916,234286,0.0636657760173463,"proced_periodontia",2295.71653506569,"secundario",0.5,1147.85826753284
"209",2021,52003,"30 a 59",114144,"Entorno Norte",14916,234286,0.0636657760173463,"proced_cirurgia",5608.90147859625,"secundario",1,5608.90147859625
"210",2021,52003,"30 a 59",114144,"Entorno Norte",14916,234286,0.0636657760173463,"proced_endodontia",1175.64627028504,"secundario",0.5,587.823135142518
"211",2021,52003,"30 a 59",114144,"Entorno Norte",14916,234286,0.0636657760173463,"proced_protese",10132.5745727857,"secundario",0.66,6687.49921803859
"212",2021,52006,"30 a 59",18724,"Nordeste I",1596,43915,0.0363429352157577,"proced_curativos",17754.8186429238,"primario",0.5,8877.40932146191
"213",2021,52006,"30 a 59",18724,"Nordeste I",1596,43915,0.0363429352157577,"proced_periodontia",387.574699644313,"secundario",0.5,193.787349822156
"214",2021,52006,"30 a 59",18724,"Nordeste I",1596,43915,0.0363429352157577,"proced_cirurgia",946.923660955938,"secundario",1,946.923660955938
"215",2021,52006,"30 a 59",18724,"Nordeste I",1596,43915,0.0363429352157577,"proced_endodontia",198.478663691222,"secundario",0.5,99.2393318456108
"216",2021,52006,"30 a 59",18724,"Nordeste I",1596,43915,0.0363429352157577,"proced_protese",1710.63347181,"secundario",0.66,1129.0180913946
"217",2021,52014,"60 ou mais",18828,"Serra da Mesa",11773,120738,0.097508655104441,"proced_curativos",6688.09333161059,"primario",0.5,3344.0466658053
"218",2021,52014,"60 ou mais",18828,"Serra da Mesa",11773,120738,0.097508655104441,"proced_periodontia",26.507686985042,"secundario",0.5,13.253843492521
"219",2021,52014,"60 ou mais",18828,"Serra da Mesa",11773,120738,0.097508655104441,"proced_cirurgia",418.175754296079,"secundario",1,418.175754296079
"220",2021,52014,"60 ou mais",18828,"Serra da Mesa",11773,120738,0.097508655104441,"proced_protese",2914.06139711524,"secundario",0.66,1923.28052209606
"221",2021,52006,"60 ou mais",5744,"Nordeste I",1596,43915,0.0363429352157577,"proced_curativos",2178.6728964955,"primario",0.5,1089.33644824775
"222",2021,52006,"60 ou mais",5744,"Nordeste I",1596,43915,0.0363429352157577,"proced_periodontia",8.63498404098827,"secundario",0.5,4.31749202049414
"223",2021,52006,"60 ou mais",5744,"Nordeste I",1596,43915,0.0363429352157577,"proced_cirurgia",136.22240849277,"secundario",1,136.22240849277
"224",2021,52006,"60 ou mais",5744,"Nordeste I",1596,43915,0.0363429352157577,"proced_protese",949.267043659797,"secundario",0.66,626.516248815466
"225",2021,52010,"60 ou mais",20520,"Oeste II",9711,107577,0.0902702250481051,"proced_curativos",7347.58900092027,"primario",0.5,3673.79450046013
"226",2021,52010,"60 ou mais",20520,"Oeste II",9711,107577,0.0902702250481051,"proced_periodontia",29.1215417719401,"secundario",0.5,14.56077088597
"227",2021,52010,"60 ou mais",20520,"Oeste II",9711,107577,0.0902702250481051,"proced_cirurgia",459.410989107337,"secundario",1,459.410989107337
"228",2021,52010,"60 ou mais",20520,"Oeste II",9711,107577,0.0902702250481051,"proced_protese",3201.4094911403,"secundario",0.66,2112.9302641526
"229",2021,52017,"60 ou mais",40896,"Sul",49872,232871,0.214161488549454,"proced_curativos",12649.3797344212,"primario",0.5,6324.6898672106
"230",2021,52017,"60 ou mais",40896,"Sul",49872,232871,0.214161488549454,"proced_periodontia",50.1347367522792,"secundario",0.5,25.0673683761396
"231",2021,52017,"60 ou mais",40896,"Sul",49872,232871,0.214161488549454,"proced_cirurgia",790.907609918968,"secundario",1,790.907609918968
"232",2021,52017,"60 ou mais",40896,"Sul",49872,232871,0.214161488549454,"proced_protese",5511.44658931546,"secundario",0.66,3637.5547489482
"233",2021,52001,"60 ou mais",272335,"Central",567932,1682850,0.33748224737796,"proced_curativos",71015.9775223032,"primario",0.5,35507.9887611516
"234",2021,52001,"60 ou mais",272335,"Central",567932,1682850,0.33748224737796,"proced_periodontia",281.465764570104,"secundario",0.5,140.732882285052
"235",2021,52001,"60 ou mais",272335,"Central",567932,1682850,0.33748224737796,"proced_cirurgia",4440.30286286556,"secundario",1,4440.30286286556
"236",2021,52001,"60 ou mais",272335,"Central",567932,1682850,0.33748224737796,"proced_protese",30942.2892916346,"secundario",0.66,20421.9109324789
"237",2021,52016,"60 ou mais",31767,"Sudoeste II",45734,202826,0.225483912318933,"proced_curativos",9684.15508657864,"primario",0.5,4842.07754328932
"238",2021,52016,"60 ou mais",31767,"Sudoeste II",45734,202826,0.225483912318933,"proced_periodontia",38.3823219894885,"secundario",0.5,19.1911609947443
"239",2021,52016,"60 ou mais",31767,"Sudoeste II",45734,202826,0.225483912318933,"proced_cirurgia",605.505733436739,"secundario",1,605.505733436739
"240",2021,52016,"60 ou mais",31767,"Sudoeste II",45734,202826,0.225483912318933,"proced_protese",4219.47199332521,"secundario",0.66,2784.85151559464
"241",2021,52008,"60 ou mais",22175,"Norte",6325,136710,0.0462658181552191,"proced_curativos",8324.26823787579,"primario",0.5,4162.1341189379
"242",2021,52008,"60 ou mais",22175,"Norte",6325,136710,0.0462658181552191,"proced_periodontia",32.9925265525565,"secundario",0.5,16.4962632762783
"243",2021,52008,"60 ou mais",22175,"Norte",6325,136710,0.0462658181552191,"proced_cirurgia",520.478255422061,"secundario",1,520.478255422061
"244",2021,52008,"60 ou mais",22175,"Norte",6325,136710,0.0462658181552191,"proced_protese",3626.95726995556,"secundario",0.66,2393.79179817067
"245",2021,52011,"60 ou mais",72736,"Pirineus",88959,462039,0.19253569503873,"proced_curativos",23116.8064426769,"primario",0.5,11558.4032213385
"246",2021,52011,"60 ou mais",72736,"Pirineus",88959,462039,0.19253569503873,"proced_periodontia",91.6214889496341,"secundario",0.5,45.8107444748171
"247",2021,52011,"60 ou mais",72736,"Pirineus",88959,462039,0.19253569503873,"proced_cirurgia",1445.38771990416,"secundario",1,1445.38771990416
"248",2021,52011,"60 ou mais",72736,"Pirineus",88959,462039,0.19253569503873,"proced_protese",10072.1969534728,"secundario",0.66,6647.64998929202
"249",2021,52013,"60 ou mais",27965,"São Patrício I",12192,161827,0.0753397146335284,"proced_curativos",10177.7579528756,"primario",0.5,5088.8789764378
"250",2021,52013,"60 ou mais",27965,"São Patrício I",12192,161827,0.0753397146335284,"proced_periodontia",40.3386748132265,"secundario",0.5,20.1693374066132
"251",2021,52013,"60 ou mais",27965,"São Patrício I",12192,161827,0.0753397146335284,"proced_cirurgia",636.368453303528,"secundario",1,636.368453303528
"252",2021,52013,"60 ou mais",27965,"São Patrício I",12192,161827,0.0753397146335284,"proced_protese",4434.53912634248,"secundario",0.66,2926.79582338604
"253",2021,52005,"60 ou mais",46428,"Estrada de Ferro",60480,268517,0.225237135823803,"proced_curativos",14158.063685538,"primario",0.5,7079.03184276899
"254",2021,52005,"60 ou mais",46428,"Estrada de Ferro",60480,268517,0.225237135823803,"proced_periodontia",56.1142768024371,"secundario",0.5,28.0571384012185
"255",2021,52005,"60 ou mais",46428,"Estrada de Ferro",60480,268517,0.225237135823803,"proced_cirurgia",885.238687248703,"secundario",1,885.238687248703
"256",2021,52005,"60 ou mais",46428,"Estrada de Ferro",60480,268517,0.225237135823803,"proced_protese",6168.79352579099,"secundario",0.66,4071.40372702206
"257",2021,52007,"60 ou mais",12351,"Nordeste II",3336,95382,0.0349751525445053,"proced_curativos",4691.32701626722,"primario",0.5,2345.66350813361
"258",2021,52007,"60 ou mais",12351,"Nordeste II",3336,95382,0.0349751525445053,"proced_periodontia",18.5936741498396,"secundario",0.5,9.2968370749198
"259",2021,52007,"60 ou mais",12351,"Nordeste II",3336,95382,0.0349751525445053,"proced_cirurgia",293.327128735611,"secundario",1,293.327128735611
"260",2021,52007,"60 ou mais",12351,"Nordeste II",3336,95382,0.0349751525445053,"proced_protese",2044.05265918381,"secundario",0.66,1349.07475506131
"261",2021,52003,"60 ou mais",27970,"Entorno Norte",14916,234286,0.0636657760173463,"proced_curativos",10308.0959811512,"primario",0.5,5154.04799057562
"262",2021,52003,"60 ou mais",27970,"Entorno Norte",14916,234286,0.0636657760173463,"proced_periodontia",40.8552584618799,"secundario",0.5,20.42762923094
"263",2021,52003,"60 ou mais",27970,"Entorno Norte",14916,234286,0.0636657760173463,"proced_cirurgia",644.5178915044,"secundario",1,644.5178915044
"264",2021,52003,"60 ou mais",27970,"Entorno Norte",14916,234286,0.0636657760173463,"proced_protese",4491.32855764109,"secundario",0.66,2964.27684804312
"265",2021,52009,"60 ou mais",22130,"Oeste I",5685,113710,0.0499956028493536,"proced_curativos",8274.88790080028,"primario",0.5,4137.44395040014
"266",2021,52009,"60 ou mais",22130,"Oeste I",5685,113710,0.0499956028493536,"proced_periodontia",32.7968118019523,"secundario",0.5,16.3984059009762
"267",2021,52009,"60 ou mais",22130,"Oeste I",5685,113710,0.0499956028493536,"proced_cirurgia",517.390729773107,"secundario",1,517.390729773107
"268",2021,52009,"60 ou mais",22130,"Oeste I",5685,113710,0.0499956028493536,"proced_protese",3605.44182049732,"secundario",0.66,2379.59160152823
"269",2021,52018,"60 ou mais",23322,"São Patrício II",18826,158481,0.118790265079095,"proced_curativos",8089.09930512806,"primario",0.5,4044.54965256403
"270",2021,52018,"60 ou mais",23322,"São Patrício II",18826,158481,0.118790265079095,"proced_periodontia",32.0604545630076,"secundario",0.5,16.0302272815038
"271",2021,52018,"60 ou mais",23322,"São Patrício II",18826,158481,0.118790265079095,"proced_cirurgia",505.774222304882,"secundario",1,505.774222304882
"272",2021,52018,"60 ou mais",23322,"São Patrício II",18826,158481,0.118790265079095,"proced_protese",3524.49208671986,"secundario",0.66,2326.16477723511
"273",2021,52015,"60 ou mais",56040,"Sudoeste I",106124,392516,0.270368596439381,"proced_curativos",16093.7308615394,"primario",0.5,8046.8654307697
"274",2021,52015,"60 ou mais",56040,"Sudoeste I",106124,392516,0.270368596439381,"proced_periodontia",63.7861284146379,"secundario",0.5,31.8930642073189
"275",2021,52015,"60 ou mais",56040,"Sudoeste I",106124,392516,0.270368596439381,"proced_cirurgia",1006.26706428477,"secundario",1,1006.26706428477
"276",2021,52015,"60 ou mais",56040,"Sudoeste I",106124,392516,0.270368596439381,"proced_protese",7012.18082850534,"secundario",0.66,4628.03934681352
"277",2021,52004,"60 ou mais",71048,"Entorno Sul",61824,755622,0.0818186871213384,"proced_curativos",25676.4747130899,"primario",0.5,12838.2373565449
"278",2021,52004,"60 ou mais",71048,"Entorno Sul",61824,755622,0.0818186871213384,"proced_periodontia",101.766515631149,"secundario",0.5,50.8832578155745
"279",2021,52004,"60 ou mais",71048,"Entorno Sul",61824,755622,0.0818186871213384,"proced_cirurgia",1605.43201902729,"secundario",1,1605.43201902729
"280",2021,52004,"60 ou mais",71048,"Entorno Sul",61824,755622,0.0818186871213384,"proced_protese",11187.4670501051,"secundario",0.66,7383.72825306934
"281",2021,52012,"60 ou mais",31351,"Rio Vermelho",9424,192610,0.0489278853642075,"proced_curativos",11735.9955504366,"primario",0.5,5867.99777521832
"282",2021,52012,"60 ou mais",31351,"Rio Vermelho",9424,192610,0.0489278853642075,"proced_periodontia",46.5146165108769,"secundario",0.5,23.2573082554385
"283",2021,52012,"60 ou mais",31351,"Rio Vermelho",9424,192610,0.0489278853642075,"proced_cirurgia",733.797892520949,"secundario",1,733.797892520949
"284",2021,52012,"60 ou mais",31351,"Rio Vermelho",9424,192610,0.0489278853642075,"proced_protese",5113.47702470054,"secundario",0.66,3374.89483630235
"285",2021,52002,"60 ou mais",106790,"Centro Sul",136516,792519,0.172255807116296,"proced_curativos",34792.1942081288,"primario",0.5,17396.0971040644
"286",2021,52002,"60 ou mais",106790,"Centro Sul",136516,792519,0.172255807116296,"proced_periodontia",137.895891678559,"secundario",0.5,68.9479458392796
"287",2021,52002,"60 ou mais",106790,"Centro Sul",136516,792519,0.172255807116296,"proced_cirurgia",2175.39608603163,"secundario",1,2175.39608603163
"288",2021,52002,"60 ou mais",106790,"Centro Sul",136516,792519,0.172255807116296,"proced_protese",15159.2666303939,"secundario",0.66,10005.11597606
