"","uf","ibge","municipio","total_equipe","total_pop","medicos","enfermeiros","tecnicos","acs"
"1","BA","290010","ABAÍRA",3.27744285714286,8486,3.27744285714286,3.27744285714286,6.55488571428571,11.3146666666667
"2","BA","290020","ABARÉ",7.24098571428571,18032,7.24098571428571,7.24098571428571,14.4819714285714,24.0426666666667
"3","BA","290030","ACAJUTIBA",6.66335714285714,16276,6.66335714285714,6.66335714285714,13.3267142857143,21.7013333333333
"4","BA","290035","ADUSTINA",5.46831428571429,14103,5.46831428571429,5.46831428571429,10.9366285714286,18.804
"5","BA","290040","ÁGUA FRIA",5.7606,14365,5.7606,5.7606,11.5212,19.1533333333333
"6","BA","290050","ÉRICO CARDOSO",4.35461428571429,11181,4.35461428571429,4.35461428571429,8.70922857142857,14.908
"7","BA","290060","AIQUARA",1.4515,4139,1.4515,1.4515,2.903,5.51866666666667
"8","BA","290070","ALAGOINHAS",46.9154714285714,123507,46.9154714285714,46.9154714285714,93.8309428571429,164.676
"9","BA","290080","ALCOBAÇA",10.4337285714286,26706,10.4337285714286,10.4337285714286,20.8674571428571,35.608
"10","BA","290090","ALMADINA",2.34005714285714,6076,2.34005714285714,2.34005714285714,4.68011428571429,8.10133333333333
"11","BA","290100","AMARGOSA",14.8705571428571,38674,14.8705571428571,14.8705571428571,29.7411142857143,51.5653333333333
"12","BA","290110","AMÉLIA RODRIGUES",7.98292857142857,21123,7.98292857142857,7.98292857142857,15.9658571428571,28.164
"13","BA","290115","AMÉRICA DOURADA",6.67828571428571,16722,6.67828571428571,6.67828571428571,13.3565714285714,22.296
"14","BA","290120","ANAGÉ",8.59295714285714,22516,8.59295714285714,8.59295714285714,17.1859142857143,30.0213333333333
"15","BA","290130","ANDARAÍ",5.33712857142857,13261,5.33712857142857,5.33712857142857,10.6742571428571,17.6813333333333
"16","BA","290135","ANDORINHA",4.99182857142857,13764,4.99182857142857,4.99182857142857,9.98365714285714,18.352
"17","BA","290140","ANGICAL",6.02245714285714,14457,6.02245714285714,6.02245714285714,12.0449142857143,19.276
"18","BA","290150","ANGUERA",3.76321428571429,9608,3.76321428571429,3.76321428571429,7.52642857142857,12.8106666666667
"19","BA","290160","ANTAS",4.47031428571429,11890,4.47031428571429,4.47031428571429,8.94062857142857,15.8533333333333
"20","BA","290170","ANTÔNIO CARDOSO",4.2181,11120,4.2181,4.2181,8.4362,14.8266666666667
"21","BA","290180","ANTÔNIO GONÇALVES",3.77004285714286,10626,3.77004285714286,3.77004285714286,7.54008571428571,14.168
"22","BA","290190","APORÁ",6.39998571428571,16148,6.39998571428571,6.39998571428571,12.7999714285714,21.5306666666667
"23","BA","290195","APUAREMA",3.0566,8347,3.0566,3.0566,6.1132,11.1293333333333
"24","BA","290200","ARACATU",5.68975714285714,15032,5.68975714285714,5.68975714285714,11.3795142857143,20.0426666666667
"25","BA","290205","ARAÇAS",4.66148571428571,10999,4.66148571428571,4.66148571428571,9.32297142857143,14.6653333333333
"26","BA","290210","ARACI",14.5667,39863,14.5667,14.5667,29.1334,53.1506666666667
"27","BA","290220","ARAMARI",4.28435714285714,10033,4.28435714285714,4.28435714285714,8.56871428571429,13.3773333333333
"28","BA","290225","ARATACA",3.24914285714286,9043,3.24914285714286,3.24914285714286,6.49828571428571,12.0573333333333
"29","BA","290230","ARATUÍPE",3.97157142857143,9303,3.97157142857143,3.97157142857143,7.94314285714286,12.404
"30","BA","290240","AURELINO LEAL",4.8074,12058,4.8074,4.8074,9.6148,16.0773333333333
"31","BA","290250","BAIANÓPOLIS",5.29301428571429,13943,5.29301428571429,5.29301428571429,10.5860285714286,18.5906666666667
"32","BA","290260","BAIXA GRANDE",6.03175714285714,15605,6.03175714285714,6.03175714285714,12.0635142857143,20.8066666666667
"33","BA","290265","BANZAÊ",5.12785714285714,13563,5.12785714285714,5.12785714285714,10.2557142857143,18.084
"34","BA","290270","BARRA",17.4272857142857,43327,17.4272857142857,17.4272857142857,34.8545714285714,57.7693333333333
"35","BA","290280","BARRA DA ESTIVA",10.2406857142857,28059,10.2406857142857,10.2406857142857,20.4813714285714,37.412
"36","BA","290290","BARRA DO CHOÇA",16.2238142857143,40398,16.2238142857143,16.2238142857143,32.4476285714286,53.864
"37","BA","290300","BARRA DO MENDES",5.96412857142857,16217,5.96412857142857,5.96412857142857,11.9282571428571,21.6226666666667
"38","BA","290310","BARRA DO ROCHA",2.40928571428571,6118,2.40928571428571,2.40928571428571,4.81857142857143,8.15733333333333
"39","BA","290320","BARREIRAS",51.6915857142857,137922,51.6915857142857,51.6915857142857,103.383171428571,183.896
"40","BA","290323","BARRO ALTO",5.64885714285714,14619,5.64885714285714,5.64885714285714,11.2977142857143,19.492
"41","BA","290327","BARROCAS",6.57101428571429,17416,6.57101428571429,6.57101428571429,13.1420285714286,23.2213333333333
"42","BA","290330","BARRO PRETO",2.61512857142857,7119,2.61512857142857,2.61512857142857,5.23025714285714,9.492
"43","BA","290340","BELMONTE",6.80991428571429,17408,6.80991428571429,6.80991428571429,13.6198285714286,23.2106666666667
"44","BA","290350","BELO CAMPO",7.43515714285714,19874,7.43515714285714,7.43515714285714,14.8703142857143,26.4986666666667
"45","BA","290360","BIRITINGA",6.61774285714286,16299,6.61774285714286,6.61774285714286,13.2354857142857,21.732
"46","BA","290370","BOA NOVA",6.26855714285714,16031,6.26855714285714,6.26855714285714,12.5371142857143,21.3746666666667
"47","BA","290380","BOA VISTA DO TUPIM",6.0813,15888,6.0813,6.0813,12.1626,21.184
"48","BA","290390","BOM JESUS DA LAPA",25.9931142857143,71606,25.9931142857143,25.9931142857143,51.9862285714286,95.4746666666667
"49","BA","290395","BOM JESUS DA SERRA",4.12232857142857,10069,4.12232857142857,4.12232857142857,8.24465714285714,13.4253333333333
"50","BA","290400","BONINAL",5.30442857142857,12889,5.30442857142857,5.30442857142857,10.6088571428571,17.1853333333333
"51","BA","290405","BONITO",5.60778571428571,14986,5.60778571428571,5.60778571428571,11.2155714285714,19.9813333333333
"52","BA","290410","BOQUIRA",6.25134285714286,16103,6.25134285714286,6.25134285714286,12.5026857142857,21.4706666666667
"53","BA","290420","BOTUPORÃ",3.61231428571429,10863,3.61231428571429,3.61231428571429,7.22462857142857,14.484
"54","BA","290430","BREJÕES",5.52384285714286,14088,5.52384285714286,5.52384285714286,11.0476857142857,18.784
"55","BA","290440","BREJOLÂNDIA",3.47167142857143,9054,3.47167142857143,3.47167142857143,6.94334285714286,12.072
"56","BA","290450","BROTAS DE MACAÚBAS",4.76624285714286,12082,4.76624285714286,4.76624285714286,9.53248571428571,16.1093333333333
"57","BA","290460","BRUMADO",24.8653142857143,67881,24.8653142857143,24.8653142857143,49.7306285714286,90.508
"58","BA","290470","BUERAREMA",6.79715714285714,17404,6.79715714285714,6.79715714285714,13.5943142857143,23.2053333333333
"59","BA","290475","BURITIRAMA",7.51517142857143,19206,7.51517142857143,7.51517142857143,15.0303428571429,25.608
"60","BA","290480","CAATIBA",2.42012857142857,6588,2.42012857142857,2.42012857142857,4.84025714285714,8.784
"61","BA","290485","CABACEIRAS DO PARAGUAÇU",7.13437142857143,18205,7.13437142857143,7.13437142857143,14.2687428571429,24.2733333333333
"62","BA","290490","CACHOEIRA",11.5639714285714,29695,11.5639714285714,11.5639714285714,23.1279428571429,39.5933333333333
"63","BA","290500","CACULÉ",9.34861428571429,24456,9.34861428571429,9.34861428571429,18.6972285714286,32.608
"64","BA","290510","CAÉM",4.4321,10766,4.4321,4.4321,8.8642,14.3546666666667
"65","BA","290515","CAETANOS",5.00057142857143,12413,5.00057142857143,5.00057142857143,10.0011428571429,16.5506666666667
"66","BA","290520","CAETITÉ",12.3737142857143,32429,12.3737142857143,12.3737142857143,24.7474285714286,43.2386666666667
"67","BA","290530","CAFARNAUM",7.14444285714286,18525,7.14444285714286,7.14444285714286,14.2888857142857,24.7
"68","BA","290540","CAIRU",8.70035714285714,22878,8.70035714285714,8.70035714285714,17.4007142857143,30.504
"69","BA","290550","CALDEIRÃO GRANDE",5.06798571428571,12135,5.06798571428571,5.06798571428571,10.1359714285714,16.18
"70","BA","290560","CAMACAN",10.3088571428571,27304,10.3088571428571,10.3088571428571,20.6177142857143,36.4053333333333
"71","BA","290570","CAMAÇARI",97.4853428571429,247315,97.4853428571429,97.4853428571429,194.970685714286,329.753333333333
"72","BA","290580","CAMAMU",12.6278,31803,12.6278,12.6278,25.2556,42.404
"73","BA","290590","CAMPO ALEGRE DE LOURDES",11.3624142857143,29025,11.3624142857143,11.3624142857143,22.7248285714286,38.7
"74","BA","290600","CAMPO FORMOSO",26.0033857142857,66058,26.0033857142857,26.0033857142857,52.0067714285714,88.0773333333333
"75","BA","290610","CANÁPOLIS",3.95285714285714,10396,3.95285714285714,3.95285714285714,7.90571428571429,13.8613333333333
"76","BA","290620","CANARANA",10.7841714285714,27089,10.7841714285714,10.7841714285714,21.5683428571429,36.1186666666667
"77","BA","290630","CANAVIEIRAS",10.9645857142857,27910,10.9645857142857,10.9645857142857,21.9291714285714,37.2133333333333
"78","BA","290640","CANDEAL",3.32012857142857,8881,3.32012857142857,3.32012857142857,6.64025714285714,11.8413333333333
"79","BA","290650","CANDEIAS",19.2246142857143,53523,19.2246142857143,19.2246142857143,38.4492285714286,71.364
"80","BA","290660","CANDIBA",5.20941428571429,13136,5.20941428571429,5.20941428571429,10.4188285714286,17.5146666666667
"81","BA","290670","CÂNDIDO SALES",10.9239571428571,27392,10.9239571428571,10.9239571428571,21.8479142857143,36.5226666666667
"82","BA","290680","CANSANÇÃO",13.8775857142857,37060,13.8775857142857,13.8775857142857,27.7551714285714,49.4133333333333
"83","BA","290682","CANUDOS",5.69084285714286,13887,5.69084285714286,5.69084285714286,11.3816857142857,18.516
"84","BA","290685","CAPELA DO ALTO ALEGRE",4.17858571428571,10859,4.17858571428571,4.17858571428571,8.35717142857143,14.4786666666667
"85","BA","290687","CAPIM GROSSO",13.1519714285714,33300,13.1519714285714,13.1519714285714,26.3039428571429,44.4
"86","BA","290689","CARAÍBAS",4.0996,10427,4.0996,4.0996,8.1992,13.9026666666667
"87","BA","290690","CARAVELAS",9.21347142857143,23033,9.21347142857143,9.21347142857143,18.4269428571429,30.7106666666667
"88","BA","290700","CARDEAL DA SILVA",4.046,10034,4.046,4.046,8.092,13.3786666666667
"89","BA","290710","CARINHANHA",10.3798714285714,26425,10.3798714285714,10.3798714285714,20.7597428571429,35.2333333333333
"90","BA","290720","CASA NOVA",22.7428,56129,22.7428,22.7428,45.4856,74.8386666666667
"91","BA","290730","CASTRO ALVES",10.4862714285714,27485,10.4862714285714,10.4862714285714,20.9725428571429,36.6466666666667
"92","BA","290740","CATOLÂNDIA",1.38271428571429,3794,1.38271428571429,1.38271428571429,2.76542857142857,5.05866666666667
"93","BA","290750","CATU",17.5456714285714,46000,17.5456714285714,17.5456714285714,35.0913428571429,61.3333333333333
"94","BA","290755","CATURAMA",2.90242857142857,7401,2.90242857142857,2.90242857142857,5.80485714285714,9.868
"95","BA","290760","CENTRAL",6.81987142857143,17359,6.81987142857143,6.81987142857143,13.6397428571429,23.1453333333333
"96","BA","290770","CHORROCHÓ",4.22662857142857,9617,4.22662857142857,4.22662857142857,8.45325714285714,12.8226666666667
"97","BA","290780","CÍCERO DANTAS",10.8345857142857,28219,10.8345857142857,10.8345857142857,21.6691714285714,37.6253333333333
"98","BA","290790","CIPÓ",6.98761428571429,17629,6.98761428571429,6.98761428571429,13.9752285714286,23.5053333333333
"99","BA","290800","COARACI",7.07198571428571,18662,7.07198571428571,7.07198571428571,14.1439714285714,24.8826666666667
"100","BA","290810","COCOS",6.44545714285714,16151,6.44545714285714,6.44545714285714,12.8909142857143,21.5346666666667
"101","BA","290820","CONCEIÇÃO DA FEIRA",8.40602857142857,21424,8.40602857142857,8.40602857142857,16.8120571428571,28.5653333333333
"102","BA","290830","CONCEIÇÃO DO ALMEIDA",7.22487142857143,18918,7.22487142857143,7.22487142857143,14.4497428571429,25.224
"103","BA","290840","CONCEIÇÃO DO COITÉ",24.4990142857143,64624,24.4990142857143,24.4990142857143,48.9980285714286,86.1653333333333
"104","BA","290850","CONCEIÇÃO DO JACUÍPE",12.3547714285714,34020,12.3547714285714,12.3547714285714,24.7095428571429,45.36
"105","BA","290860","CONDE",8.86898571428571,23145,8.86898571428571,8.86898571428571,17.7379714285714,30.86
"106","BA","290870","CONDEÚBA",6.5435,17940,6.5435,6.5435,13.087,23.92
"107","BA","290880","CONTENDAS DO SINCORÁ",1.808,4546,1.808,1.808,3.616,6.06133333333333
"108","BA","290890","CORAÇÃO DE MARIA",9.3859,25960,9.3859,9.3859,18.7718,34.6133333333333
"109","BA","290900","CORDEIROS",3.48515714285714,8723,3.48515714285714,3.48515714285714,6.97031428571429,11.6306666666667
"110","BA","290910","CORIBE",5.53475714285714,14929,5.53475714285714,5.53475714285714,11.0695142857143,19.9053333333333
"111","BA","290920","CORONEL JOÃO SÁ",6.32302857142857,17136,6.32302857142857,6.32302857142857,12.6460571428571,22.848
"112","BA","290930","CORRENTINA",11.2261428571429,29873,11.2261428571429,11.2261428571429,22.4522857142857,39.8306666666667
"113","BA","290940","COTEGIPE",4.84932857142857,12644,4.84932857142857,4.84932857142857,9.69865714285714,16.8586666666667
"114","BA","290950","CRAVOLÂNDIA",2.03451428571429,5360,2.03451428571429,2.03451428571429,4.06902857142857,7.14666666666667
"115","BA","290960","CRISÓPOLIS",7.19141428571429,19087,7.19141428571429,7.19141428571429,14.3828285714286,25.4493333333333
"116","BA","290970","CRISTÓPOLIS",5.37267142857143,13897,5.37267142857143,5.37267142857143,10.7453428571429,18.5293333333333
"117","BA","290980","CRUZ DAS ALMAS",21.1352857142857,55393,21.1352857142857,21.1352857142857,42.2705714285714,73.8573333333333
"118","BA","290990","CURAÇÁ",13.4889571428571,35433,13.4889571428571,13.4889571428571,26.9779142857143,47.244
"119","BA","291000","DÁRIO MEIRA",3.59161428571429,8934,3.59161428571429,3.59161428571429,7.18322857142857,11.912
"120","BA","291005","DIAS D'ÁVILA",25.0021428571429,65816,25.0021428571429,25.0021428571429,50.0042857142857,87.7546666666667
"121","BA","291010","DOM BASÍLIO",5.10427142857143,12989,5.10427142857143,5.10427142857143,10.2085428571429,17.3186666666667
"122","BA","291020","DOM MACEDO COSTA",2.04028571428571,5332,2.04028571428571,2.04028571428571,4.08057142857143,7.10933333333333
"123","BA","291030","ELÍSIO MEDRADO",3.13252857142857,8880,3.13252857142857,3.13252857142857,6.26505714285714,11.84
"124","BA","291040","ENCRUZILHADA",7.12277142857143,18251,7.12277142857143,7.12277142857143,14.2455428571429,24.3346666666667
"125","BA","291050","ENTRE RIOS",12.8132285714286,34511,12.8132285714286,12.8132285714286,25.6264571428571,46.0146666666667
"126","BA","291060","ESPLANADA",11.3883714285714,28815,11.3883714285714,11.3883714285714,22.7767428571429,38.42
"127","BA","291070","EUCLIDES DA CUNHA",22.5054428571429,58636,22.5054428571429,22.5054428571429,45.0108857142857,78.1813333333333
"128","BA","291072","EUNÁPOLIS",36.8439142857143,96943,36.8439142857143,36.8439142857143,73.6878285714286,129.257333333333
"129","BA","291075","FÁTIMA",7.39621428571429,19430,7.39621428571429,7.39621428571429,14.7924285714286,25.9066666666667
"130","BA","291077","FEIRA DA MATA",2.07387142857143,6114,2.07387142857143,2.07387142857143,4.14774285714286,8.152
"131","BA","291080","FEIRA DE SANTANA",183.772857142857,468986,183.772857142857,183.772857142857,367.545714285714,625.314666666667
"132","BA","291085","FILADÉLFIA",7.01014285714286,18977,7.01014285714286,7.01014285714286,14.0202857142857,25.3026666666667
"133","BA","291090","FIRMINO ALVES",2.30695714285714,6299,2.30695714285714,2.30695714285714,4.61391428571429,8.39866666666667
"134","BA","291100","FLORESTA AZUL",4.21574285714286,10057,4.21574285714286,4.21574285714286,8.43148571428571,13.4093333333333
"135","BA","291110","FORMOSA DO RIO PRETO",8.52142857142857,22292,8.52142857142857,8.52142857142857,17.0428571428571,29.7226666666667
"136","BA","291120","GANDU",10.5245857142857,27136,10.5245857142857,10.5245857142857,21.0491714285714,36.1813333333333
"137","BA","291125","GAVIÃO",1.91442857142857,4863,1.91442857142857,1.91442857142857,3.82885714285714,6.484
"138","BA","291130","GENTIO DO OURO",4.66088571428571,11347,4.66088571428571,4.66088571428571,9.32177142857143,15.1293333333333
"139","BA","291140","GLÓRIA",5.49917142857143,14501,5.49917142857143,5.49917142857143,10.9983428571429,19.3346666666667
"140","BA","291150","GONGOGI",3.1971,7457,3.1971,3.1971,6.3942,9.94266666666667
"141","BA","291160","GOVERNADOR MANGABEIRA",9.2437,23482,9.2437,9.2437,18.4874,31.3093333333333
"142","BA","291165","GUAJERU",3.1401,8636,3.1401,3.1401,6.2802,11.5146666666667
"143","BA","291170","GUANAMBI",34.3249714285714,84297,34.3249714285714,34.3249714285714,68.6499428571429,112.396
"144","BA","291180","GUARATINGA",6.57767142857143,16722,6.57767142857143,6.57767142857143,13.1553428571429,22.296
"145","BA","291185","HELIÓPOLIS",4.77327142857143,13255,4.77327142857143,4.77327142857143,9.54654285714286,17.6733333333333
"146","BA","291190","IAÇU",10.8153,27997,10.8153,10.8153,21.6306,37.3293333333333
"147","BA","291200","IBIASSUCÊ",4.4512,10935,4.4512,4.4512,8.9024,14.58
"148","BA","291210","IBICARAÍ",9.76184285714286,25275,9.76184285714286,9.76184285714286,19.5236857142857,33.7
"149","BA","291220","IBICOARA",9.28632857142857,23302,9.28632857142857,9.28632857142857,18.5726571428571,31.0693333333333
"150","BA","291230","IBICUÍ",6.08891428571429,15183,6.08891428571429,6.08891428571429,12.1778285714286,20.244
"151","BA","291240","IBIPEBA",6.96584285714286,17181,6.96584285714286,6.96584285714286,13.9316857142857,22.908
"152","BA","291250","IBIPITANGA",5.54427142857143,14643,5.54427142857143,5.54427142857143,11.0885428571429,19.524
"153","BA","291260","IBIQUERA",1.2785,3685,1.2785,1.2785,2.557,4.91333333333333
"154","BA","291270","IBIRAPITANGA",8.6693,21668,8.6693,8.6693,17.3386,28.8906666666667
"155","BA","291280","IBIRAPUÃ",4.2036,10338,4.2036,4.2036,8.4072,13.784
"156","BA","291290","IBIRATAIA",8.32117142857143,20540,8.32117142857143,8.32117142857143,16.6423428571429,27.3866666666667
"157","BA","291300","IBITIARA",5.82901428571429,15311,5.82901428571429,5.82901428571429,11.6580285714286,20.4146666666667
"158","BA","291310","IBITITÁ",6.26685714285714,16095,6.26685714285714,6.26685714285714,12.5337142857143,21.46
"159","BA","291320","IBOTIRAMA",10.4319,27809,10.4319,10.4319,20.8638,37.0786666666667
"160","BA","291330","ICHU",2.40361428571429,6723,2.40361428571429,2.40361428571429,4.80722857142857,8.964
"161","BA","291340","IGAPORÃ",6.02284285714286,15488,6.02284285714286,6.02284285714286,12.0456857142857,20.6506666666667
"162","BA","291345","IGRAPIÚNA",4.97878571428571,12318,4.97878571428571,4.97878571428571,9.95757142857143,16.424
"163","BA","291350","IGUAÍ",7.13728571428571,18555,7.13728571428571,7.13728571428571,14.2745714285714,24.74
"164","BA","291360","ILHÉUS",33.9750714285714,92986,33.9750714285714,33.9750714285714,67.9501428571429,123.981333333333
"165","BA","291370","INHAMBUPE",12.2009428571429,32751,12.2009428571429,12.2009428571429,24.4018857142857,43.668
"166","BA","291380","IPECAETÁ",5.0732,13425,5.0732,5.0732,10.1464,17.9
"167","BA","291390","IPIAÚ",15.6122857142857,41566,15.6122857142857,15.6122857142857,31.2245714285714,55.4213333333333
"168","BA","291400","IPIRÁ",15.6055714285714,42589,15.6055714285714,15.6055714285714,31.2111428571429,56.7853333333333
"169","BA","291410","IPUPIARA",4.14155714285714,10687,4.14155714285714,4.14155714285714,8.28311428571429,14.2493333333333
"170","BA","291420","IRAJUBA",2.66167142857143,6828,2.66167142857143,2.66167142857143,5.32334285714286,9.104
"171","BA","291430","IRAMAIA",3.97942857142857,9711,3.97942857142857,3.97942857142857,7.95885714285714,12.948
"172","BA","291440","IRAQUARA",9.3228,24657,9.3228,9.3228,18.6456,32.876
"173","BA","291450","IRARÁ",11.7501571428571,29335,11.7501571428571,11.7501571428571,23.5003142857143,39.1133333333333
"174","BA","291460","IRECÊ",32.4074142857143,82892,32.4074142857143,32.4074142857143,64.8148285714286,110.522666666667
"175","BA","291465","ITABELA",11.8768,30210,11.8768,11.8768,23.7536,40.28
"176","BA","291470","ITABERABA",24.6642142857143,63289,24.6642142857143,24.6642142857143,49.3284285714286,84.3853333333333
"177","BA","291480","ITABUNA",68.3512714285714,183168,68.3512714285714,68.3512714285714,136.702542857143,244.224
"178","BA","291490","ITACARÉ",9.0464,23252,9.0464,9.0464,18.0928,31.0026666666667
"179","BA","291500","ITAETÉ",5.26425714285714,13231,5.26425714285714,5.26425714285714,10.5285142857143,17.6413333333333
"180","BA","291510","ITAGI",6.07042857142857,14237,6.07042857142857,6.07042857142857,12.1408571428571,18.9826666666667
"181","BA","291520","ITAGIBÁ",3.84582857142857,10698,3.84582857142857,3.84582857142857,7.69165714285714,14.264
"182","BA","291530","ITAGIMIRIM",2.39284285714286,6292,2.39284285714286,2.39284285714286,4.78568571428571,8.38933333333333
"183","BA","291535","ITAGUAÇU DA BAHIA",4.76387142857143,12935,4.76387142857143,4.76387142857143,9.52774285714286,17.2466666666667
"184","BA","291540","ITAJU DO COLÔNIA",1.8793,5036,1.8793,1.8793,3.7586,6.71466666666667
"185","BA","291550","ITAJUÍPE",7.058,17715,7.058,7.058,14.116,23.62
"186","BA","291560","ITAMARAJU",21.6418,56218,21.6418,21.6418,43.2836,74.9573333333333
"187","BA","291570","ITAMARI",2.8269,7692,2.8269,2.8269,5.6538,10.256
"188","BA","291580","ITAMBÉ",9.40878571428571,23228,9.40878571428571,9.40878571428571,18.8175714285714,30.9706666666667
"189","BA","291590","ITANAGRA",2.72561428571429,6981,2.72561428571429,2.72561428571429,5.45122857142857,9.308
"190","BA","291600","ITANHÉM",7.5476,19680,7.5476,7.5476,15.0952,26.24
"191","BA","291610","ITAPARICA",7.57934285714286,19261,7.57934285714286,7.57934285714286,15.1586857142857,25.6813333333333
"192","BA","291620","ITAPÉ",4.34297142857143,11130,4.34297142857143,4.34297142857143,8.68594285714286,14.84
"193","BA","291630","ITAPEBI",3.39077142857143,8990,3.39077142857143,3.39077142857143,6.78154285714286,11.9866666666667
"194","BA","291640","ITAPETINGA",22.5652857142857,58023,22.5652857142857,22.5652857142857,45.1305714285714,77.364
"195","BA","291650","ITAPICURU",11.1824428571429,29221,11.1824428571429,11.1824428571429,22.3648857142857,38.9613333333333
"196","BA","291660","ITAPITANGA",2.98918571428571,7326,2.98918571428571,2.98918571428571,5.97837142857143,9.768
"197","BA","291670","ITAQUARA",2.82421428571429,7148,2.82421428571429,2.82421428571429,5.64842857142857,9.53066666666667
"198","BA","291680","ITARANTIM",5.85085714285714,15061,5.85085714285714,5.85085714285714,11.7017142857143,20.0813333333333
"199","BA","291685","ITATIM",7.36128571428571,18508,7.36128571428571,7.36128571428571,14.7225714285714,24.6773333333333
"200","BA","291690","ITIRUÇU",4.32178571428571,11895,4.32178571428571,4.32178571428571,8.64357142857143,15.86
"201","BA","291700","ITIÚBA",12.9203571428571,35157,12.9203571428571,12.9203571428571,25.8407142857143,46.876
"202","BA","291710","ITORORÓ",8.04797142857143,19625,8.04797142857143,8.04797142857143,16.0959428571429,26.1666666666667
"203","BA","291720","ITUAÇU",7.46491428571429,20313,7.46491428571429,7.46491428571429,14.9298285714286,27.084
"204","BA","291730","ITUBERÁ",8.45368571428572,23331,8.45368571428572,8.45368571428572,16.9073714285714,31.108
"205","BA","291733","IUIÚ",4.3144,10921,4.3144,4.3144,8.6288,14.5613333333333
"206","BA","291735","JABORANDI",4.56171428571429,10937,4.56171428571429,4.56171428571429,9.12342857142857,14.5826666666667
"207","BA","291740","JACARACI",5.52852857142857,14166,5.52852857142857,5.52852857142857,11.0570571428571,18.888
"208","BA","291750","JACOBINA",27.2172,72930,27.2172,27.2172,54.4344,97.24
"209","BA","291760","JAGUAQUARA",18.6783285714286,47597,18.6783285714286,18.6783285714286,37.3566571428571,63.4626666666667
"210","BA","291770","JAGUARARI",11.6281142857143,30902,11.6281142857143,11.6281142857143,23.2562285714286,41.2026666666667
"211","BA","291780","JAGUARIPE",7.66515714285714,19695,7.66515714285714,7.66515714285714,15.3303142857143,26.26
"212","BA","291790","JANDAÍRA",4.24201428571429,10127,4.24201428571429,4.24201428571429,8.48402857142857,13.5026666666667
"213","BA","291800","JEQUIÉ",47.6870714285714,121688,47.6870714285714,47.6870714285714,95.3741428571429,162.250666666667
"214","BA","291810","JEREMOABO",14.0618428571429,36118,14.0618428571429,14.0618428571429,28.1236857142857,48.1573333333333
"215","BA","291820","JIQUIRIÇÁ",5.91971428571429,14760,5.91971428571429,5.91971428571429,11.8394285714286,19.68
"216","BA","291830","JITAÚNA",5.02721428571429,12977,5.02721428571429,5.02721428571429,10.0544285714286,17.3026666666667
"217","BA","291835","JOÃO DOURADO",10.0954,23830,10.0954,10.0954,20.1908,31.7733333333333
"218","BA","291840","JUAZEIRO",81.5487857142857,204183,81.5487857142857,81.5487857142857,163.097571428571,272.244
"219","BA","291845","JUCURUÇU",4.08507142857143,9442,4.08507142857143,4.08507142857143,8.17014285714286,12.5893333333333
"220","BA","291850","JUSSARA",6.16774285714286,16445,6.16774285714286,6.16774285714286,12.3354857142857,21.9266666666667
"221","BA","291855","JUSSARI",2.05575714285714,5527,2.05575714285714,2.05575714285714,4.11151428571429,7.36933333333333
"222","BA","291860","JUSSIAPE",3.19035714285714,8132,3.19035714285714,3.19035714285714,6.38071428571429,10.8426666666667
"223","BA","291870","LAFAIETE COUTINHO",1.76578571428571,4474,1.76578571428571,1.76578571428571,3.53157142857143,5.96533333333333
"224","BA","291875","LAGOA REAL",4.99354285714286,12792,4.99354285714286,4.99354285714286,9.98708571428572,17.056
"225","BA","291880","LAJE",8.36234285714286,21531,8.36234285714286,8.36234285714286,16.7246857142857,28.708
"226","BA","291890","LAJEDÃO",1.63942857142857,4259,1.63942857142857,1.63942857142857,3.27885714285714,5.67866666666667
"227","BA","291900","LAJEDINHO",1.17171428571429,4101,1.17171428571429,1.17171428571429,2.34342857142857,5.468
"228","BA","291905","LAJEDO DO TABOCAL",3.47195714285714,8125,3.47195714285714,3.47195714285714,6.94391428571429,10.8333333333333
"229","BA","291910","LAMARÃO",3.32678571428571,8375,3.32678571428571,3.32678571428571,6.65357142857143,11.1666666666667
"230","BA","291915","LAPÃO",11.7706142857143,29856,11.7706142857143,11.7706142857143,23.5412285714286,39.808
"231","BA","291920","LAURO DE FREITAS",51.0171285714286,127840,51.0171285714286,51.0171285714286,102.034257142857,170.453333333333
"232","BA","291930","LENÇÓIS",4.09344285714286,10111,4.09344285714286,4.09344285714286,8.18688571428572,13.4813333333333
"233","BA","291940","LICÍNIO DE ALMEIDA",5.09335714285714,13364,5.09335714285714,5.09335714285714,10.1867142857143,17.8186666666667
"234","BA","291950","LIVRAMENTO DE NOSSA SENHORA",17.6272285714286,46601,17.6272285714286,17.6272285714286,35.2544571428571,62.1346666666667
"235","BA","291955","LUÍS EDUARDO MAGALHÃES",31.0644714285714,80807,31.0644714285714,31.0644714285714,62.1289428571429,107.742666666667
"236","BA","291960","MACAJUBA",3.84437142857143,11123,3.84437142857143,3.84437142857143,7.68874285714286,14.8306666666667
"237","BA","291970","MACARANI",5.95812857142857,15908,5.95812857142857,5.95812857142857,11.9162571428571,21.2106666666667
"238","BA","291980","MACAÚBAS",14.5773,39511,14.5773,14.5773,29.1546,52.6813333333333
"239","BA","291990","MACURURÉ",2.93545714285714,7481,2.93545714285714,2.93545714285714,5.87091428571429,9.97466666666667
"240","BA","291992","MADRE DE DEUS",8.02177142857143,20317,8.02177142857143,8.02177142857143,16.0435428571429,27.0893333333333
"241","BA","291995","MAETINGA",2.9583,8123,2.9583,2.9583,5.9166,10.8306666666667
"242","BA","292000","MAIQUINIQUE",2.4291,6637,2.4291,2.4291,4.8582,8.84933333333333
"243","BA","292010","MAIRI",7.0523,17983,7.0523,7.0523,14.1046,23.9773333333333
"244","BA","292020","MALHADA",6.27468571428571,15817,6.27468571428571,6.27468571428571,12.5493714285714,21.0893333333333
"245","BA","292030","MALHADA DE PEDRAS",3.43717142857143,8712,3.43717142857143,3.43717142857143,6.87434285714286,11.616
"246","BA","292040","MANOEL VITORINO",6.34891428571429,15564,6.34891428571429,6.34891428571429,12.6978285714286,20.752
"247","BA","292045","MANSIDÃO",3.59867142857143,9512,3.59867142857143,3.59867142857143,7.19734285714286,12.6826666666667
"248","BA","292050","MARACÁS",11.7618714285714,28622,11.7618714285714,11.7618714285714,23.5237428571429,38.1626666666667
"249","BA","292060","MARAGOGIPE",15.0057857142857,40229,15.0057857142857,15.0057857142857,30.0115714285714,53.6386666666667
"250","BA","292070","MARAÚ",8.988,25067,8.988,8.988,17.976,33.4226666666667
"251","BA","292080","MARCIONÍLIO SOUZA",3.78295714285714,9716,3.78295714285714,3.78295714285714,7.56591428571429,12.9546666666667
"252","BA","292090","MASCOTE",4.79528571428571,12242,4.79528571428571,4.79528571428571,9.59057142857143,16.3226666666667
"253","BA","292100","MATA DE SÃO JOÃO",22.1863571428571,58928,22.1863571428571,22.1863571428571,44.3727142857143,78.5706666666667
"254","BA","292105","MATINA",4.43274285714286,10662,4.43274285714286,4.43274285714286,8.86548571428571,14.216
"255","BA","292110","MEDEIROS NETO",9.2621,22936,9.2621,9.2621,18.5242,30.5813333333333
"256","BA","292120","MIGUEL CALMON",10.5736714285714,27581,10.5736714285714,10.5736714285714,21.1473428571429,36.7746666666667
"257","BA","292130","MILAGRES",4.69131428571429,11277,4.69131428571429,4.69131428571429,9.38262857142857,15.036
"258","BA","292140","MIRANGABA",6.47302857142857,15845,6.47302857142857,6.47302857142857,12.9460571428571,21.1266666666667
"259","BA","292145","MIRANTE",3.80644285714286,10211,3.80644285714286,3.80644285714286,7.61288571428571,13.6146666666667
"260","BA","292150","MONTE SANTO",18.3425,46250,18.3425,18.3425,36.685,61.6666666666667
"261","BA","292160","MORPARÁ",3.53674285714286,8361,3.53674285714286,3.53674285714286,7.07348571428571,11.148
"262","BA","292170","MORRO DO CHAPÉU",13.7257142857143,35509,13.7257142857143,13.7257142857143,27.4514285714286,47.3453333333333
"263","BA","292180","MORTUGABA",4.44265714285714,11918,4.44265714285714,4.44265714285714,8.88531428571429,15.8906666666667
"264","BA","292190","MUCUGÊ",4.7898,12841,4.7898,4.7898,9.5796,17.1213333333333
"265","BA","292200","MUCURI",16.6249,42253,16.6249,16.6249,33.2498,56.3373333333333
"266","BA","292205","MULUNGU DO MORRO",5.64887142857143,13723,5.64887142857143,5.64887142857143,11.2977428571429,18.2973333333333
"267","BA","292210","MUNDO NOVO",7.27472857142857,18588,7.27472857142857,7.27472857142857,14.5494571428571,24.784
"268","BA","292220","MUNIZ FERREIRA",3.2907,8542,3.2907,3.2907,6.5814,11.3893333333333
"269","BA","292225","MUQUÉM DE SÃO FRANCISCO",4.6305,11136,4.6305,4.6305,9.261,14.848
"270","BA","292230","MURITIBA",10.5502285714286,26614,10.5502285714286,10.5502285714286,21.1004571428571,35.4853333333333
"271","BA","292240","MUTUÍPE",9.06277142857143,23019,9.06277142857143,9.06277142857143,18.1255428571429,30.692
"272","BA","292250","NAZARÉ",9.14275714285714,24866,9.14275714285714,9.14275714285714,18.2855142857143,33.1546666666667
"273","BA","292260","NILO PEÇANHA",5.60137142857143,13447,5.60137142857143,5.60137142857143,11.2027428571429,17.9293333333333
"274","BA","292265","NORDESTINA",5.04214285714286,12805,5.04214285714286,5.04214285714286,10.0842857142857,17.0733333333333
"275","BA","292270","NOVA CANAÃ",5.80975714285714,14949,5.80975714285714,5.80975714285714,11.6195142857143,19.932
"276","BA","292273","NOVA FÁTIMA",2.9322,8294,2.9322,2.9322,5.8644,11.0586666666667
"277","BA","292275","NOVA IBIÁ",2.75077142857143,7204,2.75077142857143,2.75077142857143,5.50154285714286,9.60533333333333
"278","BA","292280","NOVA ITARANA",3.31014285714286,8308,3.31014285714286,3.31014285714286,6.62028571428571,11.0773333333333
"279","BA","292285","NOVA REDENÇÃO",3.12001428571429,7543,3.12001428571429,3.12001428571429,6.24002857142857,10.0573333333333
"280","BA","292290","NOVA SOURE",10.3486285714286,26536,10.3486285714286,10.3486285714286,20.6972571428571,35.3813333333333
"281","BA","292300","NOVA VIÇOSA",15.8973571428571,40703,15.8973571428571,15.8973571428571,31.7947142857143,54.2706666666667
"282","BA","292303","NOVO HORIZONTE",4.52822857142857,12457,4.52822857142857,4.52822857142857,9.05645714285714,16.6093333333333
"283","BA","292305","NOVO TRIUNFO",3.22648571428571,9626,3.22648571428571,3.22648571428571,6.45297142857143,12.8346666666667
"284","BA","292310","OLINDINA",7.95418571428571,19959,7.95418571428571,7.95418571428571,15.9083714285714,26.612
"285","BA","292320","OLIVEIRA DOS BREJINHOS",8.72448571428571,22241,8.72448571428571,8.72448571428571,17.4489714285714,29.6546666666667
"286","BA","292330","OURIÇANGAS",3.14092857142857,8298,3.14092857142857,3.14092857142857,6.28185714285714,11.064
"287","BA","292335","OUROLÂNDIA",6.55455714285714,18057,6.55455714285714,6.55455714285714,13.1091142857143,24.076
"288","BA","292340","PALMAS DE MONTE ALTO",7.71314285714286,19922,7.71314285714286,7.71314285714286,15.4262857142857,26.5626666666667
"289","BA","292350","PALMEIRAS",5.04107142857143,12226,5.04107142857143,5.04107142857143,10.0821428571429,16.3013333333333
"290","BA","292360","PARAMIRIM",7.22755714285714,20081,7.22755714285714,7.22755714285714,14.4551142857143,26.7746666666667
"291","BA","292370","PARATINGA",11.4838428571429,29363,11.4838428571429,11.4838428571429,22.9676857142857,39.1506666666667
"292","BA","292380","PARIPIRANGA",9.97578571428572,26367,9.97578571428572,9.97578571428572,19.9515714285714,35.156
"293","BA","292390","PAU BRASIL",3.60604285714286,8545,3.60604285714286,3.60604285714286,7.21208571428571,11.3933333333333
"294","BA","292400","PAULO AFONSO",41.8632714285714,103855,41.8632714285714,41.8632714285714,83.7265428571429,138.473333333333
"295","BA","292405","PÉ DE SERRA",5.27994285714286,14776,5.27994285714286,5.27994285714286,10.5598857142857,19.7013333333333
"296","BA","292410","PEDRÃO",3.33058571428571,6960,3.33058571428571,3.33058571428571,6.66117142857143,9.28
"297","BA","292420","PEDRO ALEXANDRE",4.98254285714286,12919,4.98254285714286,4.98254285714286,9.96508571428572,17.2253333333333
"298","BA","292430","PIATÃ",8.13284285714286,19807,8.13284285714286,8.13284285714286,16.2656857142857,26.4093333333333
"299","BA","292440","PILÃO ARCADO",10.0636714285714,26249,10.0636714285714,10.0636714285714,20.1273428571429,34.9986666666667
"300","BA","292450","PINDAÍ",5.68962857142857,14570,5.68962857142857,5.68962857142857,11.3792571428571,19.4266666666667
"301","BA","292460","PINDOBAÇU",7.39362857142857,19972,7.39362857142857,7.39362857142857,14.7872571428571,26.6293333333333
"302","BA","292465","PINTADAS",3.58741428571429,9579,3.58741428571429,3.58741428571429,7.17482857142857,12.772
"303","BA","292467","PIRAÍ DO NORTE",3.1245,8501,3.1245,3.1245,6.249,11.3346666666667
"304","BA","292470","PIRIPÁ",3.51791428571429,10181,3.51791428571429,3.51791428571429,7.03582857142857,13.5746666666667
"305","BA","292480","PIRITIBA",6.70531428571429,16669,6.70531428571429,6.70531428571429,13.4106285714286,22.2253333333333
"306","BA","292490","PLANALTINO",2.76702857142857,8042,2.76702857142857,2.76702857142857,5.53405714285714,10.7226666666667
"307","BA","292500","PLANALTO",9.36668571428571,24071,9.36668571428571,9.36668571428571,18.7333714285714,32.0946666666667
"308","BA","292510","POÇÕES",20.1438142857143,49960,20.1438142857143,20.1438142857143,40.2876285714286,66.6133333333333
"309","BA","292520","POJUCA",14.0689428571429,36770,14.0689428571429,14.0689428571429,28.1378857142857,49.0266666666667
"310","BA","292525","PONTO NOVO",7.0141,18269,7.0141,7.0141,14.0282,24.3586666666667
"311","BA","292530","PORTO SEGURO",58.3235285714286,147369,58.3235285714286,58.3235285714286,116.647057142857,196.492
"312","BA","292540","POTIRAGUÁ",4.12374285714286,9588,4.12374285714286,4.12374285714286,8.24748571428571,12.784
"313","BA","292550","PRADO",12.9775857142857,33464,12.9775857142857,12.9775857142857,25.9551714285714,44.6186666666667
"314","BA","292560","PRESIDENTE DUTRA",6.03122857142857,15687,6.03122857142857,6.03122857142857,12.0624571428571,20.916
"315","BA","292570","PRESIDENTE JÂNIO QUADROS",5.60825714285714,13674,5.60825714285714,5.60825714285714,11.2165142857143,18.232
"316","BA","292575","PRESIDENTE TANCREDO NEVES",10.4078142857143,26920,10.4078142857143,10.4078142857143,20.8156285714286,35.8933333333333
"317","BA","292580","QUEIMADAS",6.01361428571429,15081,6.01361428571429,6.01361428571429,12.0272285714286,20.108
"318","BA","292590","QUIJINGUE",9.27711428571429,25003,9.27711428571429,9.27711428571429,18.5542285714286,33.3373333333333
"319","BA","292593","QUIXABEIRA",4.31175714285714,9777,4.31175714285714,4.31175714285714,8.62351428571429,13.036
"320","BA","292595","RAFAEL JAMBEIRO",8.37625714285714,21924,8.37625714285714,8.37625714285714,16.7525142857143,29.232
"321","BA","292600","REMANSO",13.9244,39502,13.9244,13.9244,27.8488,52.6693333333333
"322","BA","292610","RETIROLÂNDIA",5.34155714285714,13997,5.34155714285714,5.34155714285714,10.6831142857143,18.6626666666667
"323","BA","292620","RIACHÃO DAS NEVES",8.33858571428572,20844,8.33858571428572,8.33858571428572,16.6771714285714,27.792
"324","BA","292630","RIACHÃO DO JACUÍPE",12.277,31062,12.277,12.277,24.554,41.416
"325","BA","292640","RIACHO DE SANTANA",11.2130428571429,28359,11.2130428571429,11.2130428571429,22.4260857142857,37.812
"326","BA","292650","RIBEIRA DO AMPARO",5.64911428571429,14811,5.64911428571429,5.64911428571429,11.2982285714286,19.748
"327","BA","292660","RIBEIRA DO POMBAL",19.7986,53919,19.7986,19.7986,39.5972,71.892
"328","BA","292665","RIBEIRÃO DO LARGO",3.96675714285714,8985,3.96675714285714,3.96675714285714,7.93351428571429,11.98
"329","BA","292670","RIO DE CONTAS",5.66481428571429,15005,5.66481428571429,5.66481428571429,11.3296285714286,20.0066666666667
"330","BA","292680","RIO DO ANTÔNIO",5.05641428571429,12738,5.05641428571429,5.05641428571429,10.1128285714286,16.984
"331","BA","292690","RIO DO PIRES",3.81838571428571,10125,3.81838571428571,3.81838571428571,7.63677142857143,13.5
"332","BA","292700","RIO REAL",13.5923571428571,35368,13.5923571428571,13.5923571428571,27.1847142857143,47.1573333333333
"333","BA","292710","RODELAS",3.67805714285714,9786,3.67805714285714,3.67805714285714,7.35611428571429,13.048
"334","BA","292720","RUY BARBOSA",11.2655571428571,29618,11.2655571428571,11.2655571428571,22.5311142857143,39.4906666666667
"335","BA","292730","SALINAS DA MARGARIDA",6.35725714285714,16261,6.35725714285714,6.35725714285714,12.7145142857143,21.6813333333333
"336","BA","292740","SALVADOR",621.166557142857,1674297,621.166557142857,621.166557142857,1242.33311428571,2232.396
"337","BA","292750","SANTA BÁRBARA",7.73647142857143,19380,7.73647142857143,7.73647142857143,15.4729428571429,25.84
"338","BA","292760","SANTA BRÍGIDA",6.3977,15815,6.3977,6.3977,12.7954,21.0866666666667
"339","BA","292770","SANTA CRUZ CABRÁLIA",9.01468571428572,24804,9.01468571428572,9.01468571428572,18.0293714285714,33.072
"340","BA","292780","SANTA CRUZ DA VITÓRIA",1.93478571428571,5091,1.93478571428571,1.93478571428571,3.86957142857143,6.788
"341","BA","292790","SANTA INÊS",4.1926,11305,4.1926,4.1926,8.3852,15.0733333333333
"342","BA","292800","SANTALUZ",14.0674285714286,36108,14.0674285714286,14.0674285714286,28.1348571428571,48.144
"343","BA","292805","SANTA LUZIA",4.31817142857143,11188,4.31817142857143,4.31817142857143,8.63634285714286,14.9173333333333
"344","BA","292810","SANTA MARIA DA VITÓRIA",14.3827714285714,37412,14.3827714285714,14.3827714285714,28.7655428571429,49.8826666666667
"345","BA","292820","SANTANA",9.02782857142857,24132,9.02782857142857,9.02782857142857,18.0556571428571,32.176
"346","BA","292830","SANTANÓPOLIS",3.70737142857143,9369,3.70737142857143,3.70737142857143,7.41474285714286,12.492
"347","BA","292840","SANTA RITA DE CÁSSIA",10.6832142857143,28186,10.6832142857143,10.6832142857143,21.3664285714286,37.5813333333333
"348","BA","292850","SANTA TERESINHA",4.04785714285714,11542,4.04785714285714,4.04785714285714,8.09571428571429,15.3893333333333
"349","BA","292860","SANTO AMARO",19.7968142857143,50056,19.7968142857143,19.7968142857143,39.5936285714286,66.7413333333333
"350","BA","292870","SANTO ANTÔNIO DE JESUS",34.6648714285714,90556,34.6648714285714,34.6648714285714,69.3297428571429,120.741333333333
"351","BA","292880","SANTO ESTÊVÃO",17.5395428571429,47393,17.5395428571429,17.5395428571429,35.0790857142857,63.1906666666667
"352","BA","292890","SÃO DESIDÉRIO",11.0930714285714,30330,11.0930714285714,11.0930714285714,22.1861428571429,40.44
"353","BA","292895","SÃO DOMINGOS",3.5977,9434,3.5977,3.5977,7.1954,12.5786666666667
"354","BA","292900","SÃO FÉLIX",4.73934285714286,13039,4.73934285714286,4.73934285714286,9.47868571428571,17.3853333333333
"355","BA","292905","SÃO FÉLIX DO CORIBE",6.10677142857143,15304,6.10677142857143,6.10677142857143,12.2135428571429,20.4053333333333
"356","BA","292910","SÃO FELIPE",7.73311428571429,20486,7.73311428571429,7.73311428571429,15.4662285714286,27.3146666666667
"357","BA","292920","SÃO FRANCISCO DO CONDE",15.4142285714286,38891,15.4142285714286,15.4142285714286,30.8284571428571,51.8546666666667
"358","BA","292925","SÃO GABRIEL",7.53038571428571,19534,7.53038571428571,7.53038571428571,15.0607714285714,26.0453333333333
"359","BA","292930","SÃO GONÇALO DOS CAMPOS",12.2720428571429,32160,12.2720428571429,12.2720428571429,24.5440857142857,42.88
"360","BA","292935","SÃO JOSÉ DA VITÓRIA",2.66551428571429,6715,2.66551428571429,2.66551428571429,5.33102857142857,8.95333333333333
"361","BA","292937","SÃO JOSÉ DO JACUÍPE",4.78377142857143,11113,4.78377142857143,4.78377142857143,9.56754285714286,14.8173333333333
"362","BA","292940","SÃO MIGUEL DAS MATAS",3.76474285714286,10946,3.76474285714286,3.76474285714286,7.52948571428571,14.5946666666667
"363","BA","292950","SÃO SEBASTIÃO DO PASSÉ",15.439,38597,15.439,15.439,30.878,51.4626666666667
"364","BA","292960","SAPEAÇU",7.50428571428571,19979,7.50428571428571,7.50428571428571,15.0085714285714,26.6386666666667
"365","BA","292970","SÁTIRO DIAS",6.31315714285714,16494,6.31315714285714,6.31315714285714,12.6263142857143,21.992
"366","BA","292975","SAUBARA",5.02507142857143,12444,5.02507142857143,5.02507142857143,10.0501428571429,16.592
"367","BA","292980","SAÚDE",4.3022,10685,4.3022,4.3022,8.6044,14.2466666666667
"368","BA","292990","SEABRA",12.5024857142857,34128,12.5024857142857,12.5024857142857,25.0049714285714,45.504
"369","BA","293000","SEBASTIÃO LARANJEIRAS",3.4723,9263,3.4723,3.4723,6.9446,12.3506666666667
"370","BA","293010","SENHOR DO BONFIM",27.1142714285714,69339,27.1142714285714,27.1142714285714,54.2285428571429,92.452
"371","BA","293015","SERRA DO RAMALHO",12.7818857142857,32078,12.7818857142857,12.7818857142857,25.5637714285714,42.7706666666667
"372","BA","293020","SENTO SÉ",11.0470857142857,31100,11.0470857142857,11.0470857142857,22.0941714285714,41.4666666666667
"373","BA","293030","SERRA DOURADA",6.76984285714286,17251,6.76984285714286,6.76984285714286,13.5396857142857,23.0013333333333
"374","BA","293040","SERRA PRETA",6.61601428571429,15931,6.61601428571429,6.61601428571429,13.2320285714286,21.2413333333333
"375","BA","293050","SERRINHA",23.3759857142857,60095,23.3759857142857,23.3759857142857,46.7519714285714,80.1266666666667
"376","BA","293060","SERROLÂNDIA",5.3559,13463,5.3559,5.3559,10.7118,17.9506666666667
"377","BA","293070","SIMÕES FILHO",26.829,71171,26.829,26.829,53.658,94.8946666666667
"378","BA","293075","SÍTIO DO MATO",4.57002857142857,12467,4.57002857142857,4.57002857142857,9.14005714285714,16.6226666666667
"379","BA","293076","SÍTIO DO QUINTO",4.51832857142857,11909,4.51832857142857,4.51832857142857,9.03665714285714,15.8786666666667
"380","BA","293077","SOBRADINHO",10.9167428571429,26385,10.9167428571429,10.9167428571429,21.8334857142857,35.18
"381","BA","293080","SOUTO SOARES",7.0096,17760,7.0096,7.0096,14.0192,23.68
"382","BA","293090","TABOCAS DO BREJO VELHO",4.81491428571429,12648,4.81491428571429,4.81491428571429,9.62982857142857,16.864
"383","BA","293100","TANHAÇU",8.55298571428571,22649,8.55298571428571,8.55298571428571,17.1059714285714,30.1986666666667
"384","BA","293105","TANQUE NOVO",6.44511428571429,17683,6.44511428571429,6.44511428571429,12.8902285714286,23.5773333333333
"385","BA","293110","TANQUINHO",3.46651428571429,8299,3.46651428571429,3.46651428571429,6.93302857142857,11.0653333333333
"386","BA","293120","TAPEROÁ",6.90447142857143,17121,6.90447142857143,6.90447142857143,13.8089428571429,22.828
"387","BA","293130","TAPIRAMUTÁ",5.45301428571429,14142,5.45301428571429,5.45301428571429,10.9060285714286,18.856
"388","BA","293135","TEIXEIRA DE FREITAS",57.0903714285714,143479,57.0903714285714,57.0903714285714,114.180742857143,191.305333333333
"389","BA","293140","TEODORO SAMPAIO",3.44461428571429,8270,3.44461428571429,3.44461428571429,6.88922857142857,11.0266666666667
"390","BA","293150","TEOFILÂNDIA",7.39104285714286,20386,7.39104285714286,7.39104285714286,14.7820857142857,27.1813333333333
"391","BA","293160","TEOLÂNDIA",5.21798571428571,13201,5.21798571428571,5.21798571428571,10.4359714285714,17.6013333333333
"392","BA","293170","TERRA NOVA",5.10727142857143,12716,5.10727142857143,5.10727142857143,10.2145428571429,16.9546666666667
"393","BA","293180","TREMEDAL",6.37421428571429,17104,6.37421428571429,6.37421428571429,12.7484285714286,22.8053333333333
"394","BA","293190","TUCANO",18.4598,48104,18.4598,18.4598,36.9196,64.1386666666667
"395","BA","293200","UAUÁ",9.3349,23965,9.3349,9.3349,18.6698,31.9533333333333
"396","BA","293210","UBAÍRA",6.80508571428571,17466,6.80508571428571,6.80508571428571,13.6101714285714,23.288
"397","BA","293220","UBAITABA",7.43732857142857,18473,7.43732857142857,7.43732857142857,14.8746571428571,24.6306666666667
"398","BA","293230","UBATÃ",5.58471428571429,13869,5.58471428571429,5.58471428571429,11.1694285714286,18.492
"399","BA","293240","UIBAÍ",5.8612,15009,5.8612,5.8612,11.7224,20.012
"400","BA","293245","UMBURANAS",4.62891428571429,14002,4.62891428571429,4.62891428571429,9.25782857142857,18.6693333333333
"401","BA","293250","UNA",8.71272857142857,21630,8.71272857142857,8.71272857142857,17.4254571428571,28.84
"402","BA","293260","URANDI",5.6554,15348,5.6554,5.6554,11.3108,20.464
"403","BA","293270","URUÇUCA",7.53451428571429,19126,7.53451428571429,7.53451428571429,15.0690285714286,25.5013333333333
"404","BA","293280","UTINGA",7.17745714285714,16902,7.17745714285714,7.17745714285714,14.3549142857143,22.536
"405","BA","293290","VALENÇA",33.9534714285714,85530,33.9534714285714,33.9534714285714,67.9069428571429,114.04
"406","BA","293300","VALENTE",8.82641428571429,22573,8.82641428571429,8.82641428571429,17.6528285714286,30.0973333333333
"407","BA","293305","VÁRZEA DA ROÇA",5.34462857142857,13971,5.34462857142857,5.34462857142857,10.6892571428571,18.628
"408","BA","293310","VÁRZEA DO POÇO",3.08274285714286,8083,3.08274285714286,3.08274285714286,6.16548571428571,10.7773333333333
"409","BA","293315","VÁRZEA NOVA",5.38351428571429,15033,5.38351428571429,5.38351428571429,10.7670285714286,20.044
"410","BA","293317","VARZEDO",4.3231,10755,4.3231,4.3231,8.6462,14.34
"411","BA","293320","VERA CRUZ",13.2149428571429,32885,13.2149428571429,13.2149428571429,26.4298857142857,43.8466666666667
"412","BA","293325","VEREDA",2.91321428571429,6993,2.91321428571429,2.91321428571429,5.82642857142857,9.324
"413","BA","293330","VITÓRIA DA CONQUISTA",90.7323285714286,247638,90.7323285714286,90.7323285714286,181.464657142857,330.184
"414","BA","293340","WAGNER",3.34954285714286,8653,3.34954285714286,3.34954285714286,6.69908571428571,11.5373333333333
"415","BA","293345","WANDERLEY",4.95234285714286,13016,4.95234285714286,4.95234285714286,9.90468571428571,17.3546666666667
"416","BA","293350","WENCESLAU GUIMARÃES",7.49778571428571,20231,7.49778571428571,7.49778571428571,14.9955714285714,26.9746666666667
"417","BA","293360","XIQUE-XIQUE",17.6166857142857,46665,17.6166857142857,17.6166857142857,35.2333714285714,62.22
"418","GO","520005","ABADIA DE GOIÁS",4.94392857142857,14759,4.94392857142857,4.94392857142857,9.88785714285714,19.6786666666667
"419","GO","520010","ABADIÂNIA",7.06038571428571,17300,7.06038571428571,7.06038571428571,14.1207714285714,23.0666666666667
"420","GO","520013","ACREÚNA",8.00714285714286,20597,8.00714285714286,8.00714285714286,16.0142857142857,27.4626666666667
"421","GO","520015","ADELÂNDIA",0.860571428571429,3012,0.860571428571429,0.860571428571429,1.72114285714286,4.016
"422","GO","520017","ÁGUA FRIA DE GOIÁS",2.19992857142857,6235,2.19992857142857,2.19992857142857,4.39985714285714,8.31333333333333
"423","GO","520020","ÁGUA LIMPA",0.651428571428571,2280,0.651428571428571,0.651428571428571,1.30285714285714,3.04
"424","GO","520025","ÁGUAS LINDAS DE GOIÁS",54.5171,140486,54.5171,54.5171,109.0342,187.314666666667
"425","GO","520030","ALEXÂNIA",12.4241857142857,31757,12.4241857142857,12.4241857142857,24.8483714285714,42.3426666666667
"426","GO","520050","ALOÂNDIA",0.599142857142857,2097,0.599142857142857,0.599142857142857,1.19828571428571,2.796
"427","GO","520055","ALTO HORIZONTE",3.01921428571429,8099,3.01921428571429,3.01921428571429,6.03842857142857,10.7986666666667
"428","GO","520060","ALTO PARAÍSO DE GOIÁS",3.84067142857143,9775,3.84067142857143,3.84067142857143,7.68134285714286,13.0333333333333
"429","GO","520080","ALVORADA DO NORTE",3.9524,9480,3.9524,3.9524,7.9048,12.64
"430","GO","520082","AMARALINA",1.41557142857143,3957,1.41557142857143,1.41557142857143,2.83114285714286,5.276
"431","GO","520085","AMERICANO DO BRASIL",1.89857142857143,5211,1.89857142857143,1.89857142857143,3.79714285714286,6.948
"432","GO","520090","AMORINÓPOLIS",1.018,3563,1.018,1.018,2.036,4.75066666666667
"433","GO","520110","ANÁPOLIS",106.149085714286,272579,106.149085714286,106.149085714286,212.298171428571,363.438666666667
"434","GO","520120","ANHANGUERA",0.426285714285714,1492,0.426285714285714,0.426285714285714,0.852571428571429,1.98933333333333
"435","GO","520130","ANICUNS",7.83298571428571,20455,7.83298571428571,7.83298571428571,15.6659714285714,27.2733333333333
"436","GO","520140","APARECIDA DE GOIÂNIA",94.9943,247569,94.9943,94.9943,189.9886,330.092
"437","GO","520145","APARECIDA DO RIO DOCE",0.959428571428571,3358,0.959428571428571,0.959428571428571,1.91885714285714,4.47733333333333
"438","GO","520150","APORÉ",1.09285714285714,3825,1.09285714285714,1.09285714285714,2.18571428571429,5.1
"439","GO","520160","ARAÇU",2.02114285714286,5250,2.02114285714286,2.02114285714286,4.04228571428571,7
"440","GO","520170","ARAGARÇAS",7.63538571428571,19201,7.63538571428571,7.63538571428571,15.2707714285714,25.6013333333333
"441","GO","520180","ARAGOIÂNIA",5.9609,13802,5.9609,5.9609,11.9218,18.4026666666667
"442","GO","520215","ARAGUAPAZ",2.9062,7240,2.9062,2.9062,5.8124,9.65333333333333
"443","GO","520235","ARENÓPOLIS",1.50671428571429,3568,1.50671428571429,1.50671428571429,3.01342857142857,4.75733333333333
"444","GO","520250","ARUANÃ",3.12564285714286,8095,3.12564285714286,3.12564285714286,6.25128571428571,10.7933333333333
"445","GO","520260","AURILÂNDIA",1.40992857142857,3641,1.40992857142857,1.40992857142857,2.81985714285714,4.85466666666667
"446","GO","520280","AVELINÓPOLIS",0.970285714285714,3396,0.970285714285714,0.970285714285714,1.94057142857143,4.528
"447","GO","520310","BALIZA",1.58685714285714,4195,1.58685714285714,1.58685714285714,3.17371428571429,5.59333333333333
"448","GO","520320","BARRO ALTO",3.13527142857143,8379,3.13527142857143,3.13527142857143,6.27054285714286,11.172
"449","GO","520330","BELA VISTA DE GOIÁS",13.0435142857143,32264,13.0435142857143,13.0435142857143,26.0870285714286,43.0186666666667
"450","GO","520340","BOM JARDIM DE GOIÁS",3.42055714285714,8837,3.42055714285714,3.42055714285714,6.84111428571429,11.7826666666667
"451","GO","520350","BOM JESUS DE GOIÁS",8.80411428571429,22301,8.80411428571429,8.80411428571429,17.6082285714286,29.7346666666667
"452","GO","520355","BONFINÓPOLIS",4.7407,11023,4.7407,4.7407,9.4814,14.6973333333333
"453","GO","520357","BONÓPOLIS",1.70114285714286,4487,1.70114285714286,1.70114285714286,3.40228571428571,5.98266666666667
"454","GO","520360","BRAZABRANTES",1.90621428571429,4949,1.90621428571429,1.90621428571429,3.81242857142857,6.59866666666667
"455","GO","520380","BRITÂNIA",2.78328571428571,7073,2.78328571428571,2.78328571428571,5.56657142857143,9.43066666666667
"456","GO","520390","BURITI ALEGRE",4.1138,10107,4.1138,4.1138,8.2276,13.476
"457","GO","520393","BURITI DE GOIÁS",0.875714285714286,3065,0.875714285714286,0.875714285714286,1.75142857142857,4.08666666666667
"458","GO","520396","BURITINÓPOLIS",1.14857142857143,4020,1.14857142857143,1.14857142857143,2.29714285714286,5.36
"459","GO","520400","CABECEIRAS",3.59157142857143,9081,3.59157142857143,3.59157142857143,7.18314285714286,12.108
"460","GO","520410","CACHOEIRA ALTA",4.94321428571429,11617,4.94321428571429,4.94321428571429,9.88642857142857,15.4893333333333
"461","GO","520420","CACHOEIRA DE GOIÁS",0.550285714285714,1926,0.550285714285714,0.550285714285714,1.10057142857143,2.568
"462","GO","520425","CACHOEIRA DOURADA",3.51245714285714,9130,3.51245714285714,3.51245714285714,7.02491428571429,12.1733333333333
"463","GO","520430","CAÇU",5.3942,14310,5.3942,5.3942,10.7884,19.08
"464","GO","520440","CAIAPÔNIA",5.76005714285714,13900,5.76005714285714,5.76005714285714,11.5201142857143,18.5333333333333
"465","GO","520450","CALDAS NOVAS",24.1929142857143,64904,24.1929142857143,24.1929142857143,48.3858285714286,86.5386666666667
"466","GO","520455","CALDAZINHA",1.698,5943,1.698,1.698,3.396,7.924
"467","GO","520460","CAMPESTRE DE GOIÁS",1.398,4893,1.398,1.398,2.796,6.524
"468","GO","520465","CAMPINAÇU",1.12828571428571,3949,1.12828571428571,1.12828571428571,2.25657142857143,5.26533333333333
"469","GO","520470","CAMPINORTE",5.04834285714286,12789,5.04834285714286,5.04834285714286,10.0966857142857,17.052
"470","GO","520480","CAMPO ALEGRE DE GOIÁS",3.00647142857143,7522,3.00647142857143,3.00647142857143,6.01294285714286,10.0293333333333
"471","GO","520485","CAMPO LIMPO DE GOIÁS",3.84064285714286,10176,3.84064285714286,3.84064285714286,7.68128571428571,13.568
"472","GO","520490","CAMPOS BELOS",7.17348571428571,19223,7.17348571428571,7.17348571428571,14.3469714285714,25.6306666666667
"473","GO","520495","CAMPOS VERDES",2.20251428571429,5538,2.20251428571429,2.20251428571429,4.40502857142857,7.384
"474","GO","520500","CARMO DO RIO VERDE",3.54528571428571,9870,3.54528571428571,3.54528571428571,7.09057142857143,13.16
"475","GO","520505","CASTELÂNDIA",1.034,3619,1.034,1.034,2.068,4.82533333333333
"476","GO","520510","CATALÃO",25.7582285714286,67920,25.7582285714286,25.7582285714286,51.5164571428571,90.56
"477","GO","520520","CATURAÍ",2.49407142857143,6447,2.49407142857143,2.49407142857143,4.98814285714286,8.596
"478","GO","520530","CAVALCANTE",3.55842857142857,9366,3.55842857142857,3.55842857142857,7.11685714285714,12.488
"479","GO","520540","CERES",9.95287142857143,23703,9.95287142857143,9.95287142857143,19.9057428571429,31.604
"480","GO","520545","CEZARINA",3.94825714285714,9905,3.94825714285714,3.94825714285714,7.89651428571429,13.2066666666667
"481","GO","520547","CHAPADÃO DO CÉU",5.42991428571429,14407,5.42991428571429,5.42991428571429,10.8598285714286,19.2093333333333
"482","GO","520549","CIDADE OCIDENTAL",37.6850285714286,91846,37.6850285714286,37.6850285714286,75.3700571428571,122.461333333333
"483","GO","520551","COCALZINHO DE GOIÁS",9.21407142857143,23027,9.21407142857143,9.21407142857143,18.4281428571429,30.7026666666667
"484","GO","520552","COLINAS DO SUL",1.39592857142857,4015,1.39592857142857,1.39592857142857,2.79185714285714,5.35333333333333
"485","GO","520570","CÓRREGO DO OURO",0.788571428571429,2760,0.788571428571429,0.788571428571429,1.57714285714286,3.68
"486","GO","520580","CORUMBÁ DE GOIÁS",3.46757142857143,9867,3.46757142857143,3.46757142857143,6.93514285714286,13.156
"487","GO","520590","CORUMBAÍBA",3.27535714285714,8310,3.27535714285714,3.27535714285714,6.55071428571429,11.08
"488","GO","520620","CRISTALINA",25.3761428571429,63817,25.3761428571429,25.3761428571429,50.7522857142857,85.0893333333333
"489","GO","520630","CRISTIANÓPOLIS",1.122,3927,1.122,1.122,2.244,5.236
"490","GO","520640","CRIXÁS",6.32942857142857,16029,6.32942857142857,6.32942857142857,12.6588571428571,21.372
"491","GO","520650","CROMÍNIA",1.78564285714286,4527,1.78564285714286,1.78564285714286,3.57128571428571,6.036
"492","GO","520660","CUMARI",0.925142857142857,3238,0.925142857142857,0.925142857142857,1.85028571428571,4.31733333333333
"493","GO","520670","DAMIANÓPOLIS",1.57071428571429,4158,1.57071428571429,1.57071428571429,3.14142857142857,5.544
"494","GO","520680","DAMOLÂNDIA",1.16314285714286,4071,1.16314285714286,1.16314285714286,2.32628571428571,5.428
"495","GO","520690","DAVINÓPOLIS",0.792285714285714,2773,0.792285714285714,0.792285714285714,1.58457142857143,3.69733333333333
"496","GO","520710","DIORAMA",0.680571428571429,2382,0.680571428571429,0.680571428571429,1.36114285714286,3.176
"497","GO","520725","DOVERLÂNDIA",2.99457142857143,7202,2.99457142857143,2.99457142857143,5.98914285714286,9.60266666666667
"498","GO","520735","EDEALINA",1.84664285714286,4793,1.84664285714286,1.84664285714286,3.69328571428571,6.39066666666667
"499","GO","520740","EDÉIA",5.55144285714286,14033,5.55144285714286,5.55144285714286,11.1028857142857,18.7106666666667
"500","GO","520750","ESTRELA DO NORTE",1.71492857142857,4236,1.71492857142857,1.71492857142857,3.42985714285714,5.648
"501","GO","520753","FAINA",2.41845714285714,5939,2.41845714285714,2.41845714285714,4.83691428571429,7.91866666666667
"502","GO","520760","FAZENDA NOVA",1.63628571428571,5727,1.63628571428571,1.63628571428571,3.27257142857143,7.636
"503","GO","520780","FIRMINÓPOLIS",4.36724285714286,11142,4.36724285714286,4.36724285714286,8.73448571428571,14.856
"504","GO","520790","FLORES DE GOIÁS",3.94234285714286,10778,3.94234285714286,3.94234285714286,7.88468571428571,14.3706666666667
"505","GO","520800","FORMOSA",27.7100142857143,74517,27.7100142857143,27.7100142857143,55.4200285714286,99.356
"506","GO","520810","FORMOSO",1.89064285714286,4668,1.89064285714286,1.89064285714286,3.78128571428571,6.224
"507","GO","520815","GAMELEIRA DE GOIÁS",2.26114285714286,5490,2.26114285714286,2.26114285714286,4.52228571428571,7.32
"508","GO","520830","DIVINÓPOLIS DE GOIÁS",2.00417142857143,5408,2.00417142857143,2.00417142857143,4.00834285714286,7.21066666666667
"509","GO","520840","GOIANÁPOLIS",5.50782857142857,15043,5.50782857142857,5.50782857142857,11.0156571428571,20.0573333333333
"510","GO","520850","GOIANDIRA",2.0043,5732,2.0043,2.0043,4.0086,7.64266666666667
"511","GO","520860","GOIANÉSIA",26.1661714285714,67127,26.1661714285714,26.1661714285714,52.3323428571429,89.5026666666667
"512","GO","520870","GOIÂNIA",311.676685714286,788404,311.676685714286,311.676685714286,623.353371428571,1051.20533333333
"513","GO","520880","GOIANIRA",28.8857571428571,72077,28.8857571428571,28.8857571428571,57.7715142857143,96.1026666666667
"514","GO","520890","GOIÁS",8.38855714285714,21836,8.38855714285714,8.38855714285714,16.7771142857143,29.1146666666667
"515","GO","520910","GOIATUBA",13.8401428571429,37091,13.8401428571429,13.8401428571429,27.6802857142857,49.4546666666667
"516","GO","520915","GOUVELÂNDIA",1.99935714285714,5137,1.99935714285714,1.99935714285714,3.99871428571429,6.84933333333333
"517","GO","520920","GUAPÓ",6.75878571428571,18000,6.75878571428571,6.75878571428571,13.5175714285714,24
"518","GO","520929","GUARAÍTA",0.753428571428571,2637,0.753428571428571,0.753428571428571,1.50685714285714,3.516
"519","GO","520940","GUARANI DE GOIÁS",1.75535714285714,4862,1.75535714285714,1.75535714285714,3.51071428571429,6.48266666666667
"520","GO","520945","GUARINOS",0.700857142857143,2453,0.700857142857143,0.700857142857143,1.40171428571429,3.27066666666667
"521","GO","520960","HEITORAÍ",1.9195,4859,1.9195,1.9195,3.839,6.47866666666667
"522","GO","520970","HIDROLÂNDIA",9.21228571428571,24824,9.21228571428571,9.21228571428571,18.4245714285714,33.0986666666667
"523","GO","520980","HIDROLINA",1.23714285714286,4330,1.23714285714286,1.23714285714286,2.47428571428571,5.77333333333333
"524","GO","520990","IACIARA",4.79612857142857,10702,4.79612857142857,4.79612857142857,9.59225714285714,14.2693333333333
"525","GO","520993","INACIOLÂNDIA",2.13742857142857,5540,2.13742857142857,2.13742857142857,4.27485714285714,7.38666666666667
"526","GO","520995","INDIARA",6.03611428571429,15706,6.03611428571429,6.03611428571429,12.0722285714286,20.9413333333333
"527","GO","521000","INHUMAS",22.4956857142857,57862,22.4956857142857,22.4956857142857,44.9913714285714,77.1493333333333
"528","GO","521010","IPAMERI",10.5835428571429,26167,10.5835428571429,10.5835428571429,21.1670857142857,34.8893333333333
"529","GO","521015","IPIRANGA DE GOIÁS",0.881714285714286,3086,0.881714285714286,0.881714285714286,1.76342857142857,4.11466666666667
"530","GO","521020","IPORÁ",13.5103,34518,13.5103,13.5103,27.0206,46.024
"531","GO","521030","ISRAELÂNDIA",0.935714285714286,3275,0.935714285714286,0.935714285714286,1.87142857142857,4.36666666666667
"532","GO","521040","ITABERAÍ",15.7525142857143,37799,15.7525142857143,15.7525142857143,31.5050285714286,50.3986666666667
"533","GO","521056","ITAGUARI",2.55578571428571,6867,2.55578571428571,2.55578571428571,5.11157142857143,9.156
"534","GO","521060","ITAGUARU",2.35064285714286,5810,2.35064285714286,2.35064285714286,4.70128571428571,7.74666666666667
"535","GO","521080","ITAJÁ",1.48771428571429,5207,1.48771428571429,1.48771428571429,2.97542857142857,6.94266666666667
"536","GO","521090","ITAPACI",8.9886,23045,8.9886,8.9886,17.9772,30.7266666666667
"537","GO","521100","ITAPIRAPUÃ",3.26915714285714,8570,3.26915714285714,3.26915714285714,6.53831428571429,11.4266666666667
"538","GO","521120","ITAPURANGA",11.2000428571429,27581,11.2000428571429,11.2000428571429,22.4000857142857,36.7746666666667
"539","GO","521130","ITARUMÃ",2.35214285714286,6005,2.35214285714286,2.35214285714286,4.70428571428571,8.00666666666667
"540","GO","521140","ITAUÇU",3.98002857142857,9812,3.98002857142857,3.98002857142857,7.96005714285714,13.0826666666667
"541","GO","521150","ITUMBIARA",35.9933714285714,93764,35.9933714285714,35.9933714285714,71.9867428571429,125.018666666667
"542","GO","521160","IVOLÂNDIA",0.808285714285714,2829,0.808285714285714,0.808285714285714,1.61657142857143,3.772
"543","GO","521170","JANDAIA",2.61568571428571,7240,2.61568571428571,2.61568571428571,5.23137142857143,9.65333333333333
"544","GO","521180","JARAGUÁ",18.1203857142857,46607,18.1203857142857,18.1203857142857,36.2407714285714,62.1426666666667
"545","GO","521190","JATAÍ",25.4230142857143,67446,25.4230142857143,25.4230142857143,50.8460285714286,89.928
"546","GO","521200","JAUPACI",1,3500,1,1,2,4.66666666666667
"547","GO","521205","JESÚPOLIS",0.734571428571429,2571,0.734571428571429,0.734571428571429,1.46914285714286,3.428
"548","GO","521210","JOVIÂNIA",3.3575,8467,3.3575,3.3575,6.715,11.2893333333333
"549","GO","521220","JUSSARA",9.0708,22881,9.0708,9.0708,18.1416,30.508
"550","GO","521225","LAGOA SANTA",0.347428571428571,1216,0.347428571428571,0.347428571428571,0.694857142857143,1.62133333333333
"551","GO","521230","LEOPOLDO DE BULHÕES",3.59012857142857,9012,3.59012857142857,3.59012857142857,7.18025714285714,12.016
"552","GO","521250","LUZIÂNIA",46.6150571428571,121609,46.6150571428571,46.6150571428571,93.2301142857143,162.145333333333
"553","GO","521260","MAIRIPOTABA",0.801714285714286,2806,0.801714285714286,0.801714285714286,1.60342857142857,3.74133333333333
"554","GO","521270","MAMBAÍ",3.63942857142857,8403,3.63942857142857,3.63942857142857,7.27885714285714,11.204
"555","GO","521280","MARA ROSA",4.03207142857143,9687,4.03207142857143,4.03207142857143,8.06414285714286,12.916
"556","GO","521290","MARZAGÃO",0.9,3150,0.9,0.9,1.8,4.2
"557","GO","521295","MATRINCHÃ",1.68892857142857,4526,1.68892857142857,1.68892857142857,3.37785714285714,6.03466666666667
"558","GO","521300","MAURILÂNDIA",4.28455714285714,10668,4.28455714285714,4.28455714285714,8.56911428571429,14.224
"559","GO","521305","MIMOSO DE GOIÁS",0.831428571428571,2910,0.831428571428571,0.831428571428571,1.66285714285714,3.88
"560","GO","521308","MINAÇU",10.4244571428571,27675,10.4244571428571,10.4244571428571,20.8489142857143,36.9
"561","GO","521310","MINEIROS",25.6177285714286,64003,25.6177285714286,25.6177285714286,51.2354571428571,85.3373333333333
"562","GO","521340","MOIPORÁ",0.636,2226,0.636,0.636,1.272,2.968
"563","GO","521350","MONTE ALEGRE DE GOIÁS",2.68148571428571,6205,2.68148571428571,2.68148571428571,5.36297142857143,8.27333333333333
"564","GO","521370","MONTES CLAROS DE GOIÁS",3.74024285714286,9501,3.74024285714286,3.74024285714286,7.48048571428571,12.668
"565","GO","521375","MONTIVIDIU",4.97867142857143,11720,4.97867142857143,4.97867142857143,9.95734285714286,15.6266666666667
"566","GO","521377","MONTIVIDIU DO NORTE",1.446,4287,1.446,1.446,2.892,5.716
"567","GO","521380","MORRINHOS",18.1033714285714,46679,18.1033714285714,18.1033714285714,36.2067428571429,62.2386666666667
"568","GO","521385","MORRO AGUDO DE GOIÁS",0.795142857142857,2783,0.795142857142857,0.795142857142857,1.59028571428571,3.71066666666667
"569","GO","521390","MOSSÂMEDES",1.93928571428571,5064,1.93928571428571,1.93928571428571,3.87857142857143,6.752
"570","GO","521400","MOZARLÂNDIA",7.1076,16869,7.1076,7.1076,14.2152,22.492
"571","GO","521405","MUNDO NOVO",2.07342857142857,7257,2.07342857142857,2.07342857142857,4.14685714285714,9.676
"572","GO","521410","MUTUNÓPOLIS",1.63142857142857,4267,1.63142857142857,1.63142857142857,3.26285714285714,5.68933333333333
"573","GO","521440","NAZÁRIO",4.2058,9534,4.2058,4.2058,8.4116,12.712
"574","GO","521450","NERÓPOLIS",12.9955428571429,31844,12.9955428571429,12.9955428571429,25.9910857142857,42.4586666666667
"575","GO","521460","NIQUELÂNDIA",12.2500857142857,32515,12.2500857142857,12.2500857142857,24.5001714285714,43.3533333333333
"576","GO","521470","NOVA AMÉRICA",0.800857142857143,2803,0.800857142857143,0.800857142857143,1.60171428571429,3.73733333333333
"577","GO","521480","NOVA AURORA",0.736857142857143,2579,0.736857142857143,0.736857142857143,1.47371428571429,3.43866666666667
"578","GO","521483","NOVA CRIXÁS",5.70865714285714,13233,5.70865714285714,5.70865714285714,11.4173142857143,17.644
"579","GO","521486","NOVA GLÓRIA",3.34135714285714,8148,3.34135714285714,3.34135714285714,6.68271428571429,10.864
"580","GO","521487","NOVA IGUAÇU DE GOIÁS",1.03114285714286,3609,1.03114285714286,1.03114285714286,2.06228571428571,4.812
"581","GO","521490","NOVA ROMA",1.52778571428571,3689,1.52778571428571,1.52778571428571,3.05557142857143,4.91866666666667
"582","GO","521500","NOVA VENEZA",4.33308571428571,10682,4.33308571428571,4.33308571428571,8.66617142857143,14.2426666666667
"583","GO","521520","NOVO BRASIL",1.17885714285714,4126,1.17885714285714,1.17885714285714,2.35771428571429,5.50133333333333
"584","GO","521523","NOVO GAMA",23.4162142857143,63578,23.4162142857143,23.4162142857143,46.8324285714286,84.7706666666667
"585","GO","521525","NOVO PLANALTO",1.88057142857143,4572,1.88057142857143,1.88057142857143,3.76114285714286,6.096
"586","GO","521530","ORIZONA",6.08108571428571,14672,6.08108571428571,6.08108571428571,12.1621714285714,19.5626666666667
"587","GO","521540","OURO VERDE DE GOIÁS",1.38171428571429,4836,1.38171428571429,1.38171428571429,2.76342857142857,6.448
"588","GO","521550","OUVIDOR",3.45207142857143,8438,3.45207142857143,3.45207142857143,6.90414285714286,11.2506666666667
"589","GO","521560","PADRE BERNARDO",9.18352857142857,22084,9.18352857142857,9.18352857142857,18.3670571428571,29.4453333333333
"590","GO","521565","PALESTINA DE GOIÁS",0.920857142857143,3223,0.920857142857143,0.920857142857143,1.84171428571429,4.29733333333333
"591","GO","521570","PALMEIRAS DE GOIÁS",10.3336428571429,27148,10.3336428571429,10.3336428571429,20.6672857142857,36.1973333333333
"592","GO","521580","PALMELO",0.814571428571429,2851,0.814571428571429,0.814571428571429,1.62914285714286,3.80133333333333
"593","GO","521590","PALMINÓPOLIS",1.72492857142857,4712,1.72492857142857,1.72492857142857,3.44985714285714,6.28266666666667
"594","GO","521600","PANAMÁ",0.892857142857143,3125,0.892857142857143,0.892857142857143,1.78571428571429,4.16666666666667
"595","GO","521630","PARANAIGUARA",3.12122857142857,8173,3.12122857142857,3.12122857142857,6.24245714285714,10.8973333333333
"596","GO","521640","PARAÚNA",4.90934285714286,12677,4.90934285714286,4.90934285714286,9.81868571428571,16.9026666666667
"597","GO","521645","PEROLÂNDIA",1.006,3521,1.006,1.006,2.012,4.69466666666667
"598","GO","521680","PETROLINA DE GOIÁS",4.47228571428571,10298,4.47228571428571,4.47228571428571,8.94457142857143,13.7306666666667
"599","GO","521690","PILAR DE GOIÁS",0.892857142857143,3125,0.892857142857143,0.892857142857143,1.78571428571429,4.16666666666667
"600","GO","521710","PIRACANJUBA",8.20028571428571,20598,8.20028571428571,8.20028571428571,16.4005714285714,27.464
"601","GO","521720","PIRANHAS",4.9412,11764,4.9412,4.9412,9.8824,15.6853333333333
"602","GO","521730","PIRENÓPOLIS",10.6067,25605,10.6067,10.6067,21.2134,34.14
"603","GO","521740","PIRES DO RIO",13.0013285714286,31614,13.0013285714286,13.0013285714286,26.0026571428571,42.152
"604","GO","521760","PLANALTINA",29.7686714285714,77816,29.7686714285714,29.7686714285714,59.5373428571429,103.754666666667
"605","GO","521770","PONTALINA",7.30115714285714,19046,7.30115714285714,7.30115714285714,14.6023142857143,25.3946666666667
"606","GO","521800","PORANGATU",13.7866285714286,33817,13.7866285714286,13.7866285714286,27.5732571428571,45.0893333333333
"607","GO","521805","PORTEIRÃO",1.43657142857143,5028,1.43657142857143,1.43657142857143,2.87314285714286,6.704
"608","GO","521810","PORTELÂNDIA",1.16914285714286,4092,1.16914285714286,1.16914285714286,2.33828571428571,5.456
"609","GO","521830","POSSE",11.9982857142857,32084,11.9982857142857,11.9982857142857,23.9965714285714,42.7786666666667
"610","GO","521839","PROFESSOR JAMIL",1.34342857142857,4702,1.34342857142857,1.34342857142857,2.68685714285714,6.26933333333333
"611","GO","521850","QUIRINÓPOLIS",19.9413,49820,19.9413,19.9413,39.8826,66.4266666666667
"612","GO","521860","RIALMA",5.16207142857143,12576,5.16207142857143,5.16207142857143,10.3241428571429,16.768
"613","GO","521870","RIANÁPOLIS",2.03657142857143,5247,2.03657142857143,2.03657142857143,4.07314285714286,6.996
"614","GO","521878","RIO QUENTE",1.49685714285714,5239,1.49685714285714,1.49685714285714,2.99371428571429,6.98533333333333
"615","GO","521880","RIO VERDE",64.8622714285714,164434,64.8622714285714,64.8622714285714,129.724542857143,219.245333333333
"616","GO","521890","RUBIATABA",9.02645714285714,23153,9.02645714285714,9.02645714285714,18.0529142857143,30.8706666666667
"617","GO","521900","SANCLERLÂNDIA",3.71304285714286,9289,3.71304285714286,3.71304285714286,7.42608571428571,12.3853333333333
"618","GO","521910","SANTA BÁRBARA DE GOIÁS",2.61907142857143,6535,2.61907142857143,2.61907142857143,5.23814285714286,8.71333333333333
"619","GO","521920","SANTA CRUZ DE GOIÁS",0.874285714285714,3060,0.874285714285714,0.874285714285714,1.74857142857143,4.08
"620","GO","521925","SANTA FÉ DE GOIÁS",1.25885714285714,4406,1.25885714285714,1.25885714285714,2.51771428571429,5.87466666666667
"621","GO","521930","SANTA HELENA DE GOIÁS",17.0577714285714,41093,17.0577714285714,17.0577714285714,34.1155428571429,54.7906666666667
"622","GO","521935","SANTA ISABEL",1.82871428571429,4608,1.82871428571429,1.82871428571429,3.65742857142857,6.144
"623","GO","521940","SANTA RITA DO ARAGUAIA",2.02835714285714,5093,2.02835714285714,2.02835714285714,4.05671428571429,6.79066666666667
"624","GO","521945","SANTA RITA DO NOVO DESTINO",1.135,3122,1.135,1.135,2.27,4.16266666666667
"625","GO","521950","SANTA ROSA DE GOIÁS",1.08314285714286,3791,1.08314285714286,1.08314285714286,2.16628571428571,5.05466666666667
"626","GO","521960","SANTA TEREZA DE GOIÁS",1.12942857142857,3953,1.12942857142857,1.12942857142857,2.25885714285714,5.27066666666667
"627","GO","521970","SANTA TEREZINHA DE GOIÁS",3.7506,9645,3.7506,3.7506,7.5012,12.86
"628","GO","521971","SANTO ANTÔNIO DA BARRA",1.538,5383,1.538,1.538,3.076,7.17733333333333
"629","GO","521973","SANTO ANTÔNIO DE GOIÁS",2.84521428571429,8360,2.84521428571429,2.84521428571429,5.69042857142857,11.1466666666667
"630","GO","521975","SANTO ANTÔNIO DO DESCOBERTO",21.7222571428571,53817,21.7222571428571,21.7222571428571,43.4445142857143,71.756
"631","GO","521980","SÃO DOMINGOS",3.60071428571429,8998,3.60071428571429,3.60071428571429,7.20142857142857,11.9973333333333
"632","GO","521990","SÃO FRANCISCO DE GOIÁS",2.75258571428571,7047,2.75258571428571,2.75258571428571,5.50517142857143,9.396
"633","GO","522000","SÃO JOÃO D'ALIANÇA",4.39465714285714,11083,4.39465714285714,4.39465714285714,8.78931428571429,14.7773333333333
"634","GO","522005","SÃO JOÃO DA PARAÚNA",0.802857142857143,2810,0.802857142857143,0.802857142857143,1.60571428571429,3.74666666666667
"635","GO","522010","SÃO LUÍS DE MONTES BELOS",14.4023285714286,35834,14.4023285714286,14.4023285714286,28.8046571428571,47.7786666666667
"636","GO","522015","SÃO LUÍZ DO NORTE",1.654,5789,1.654,1.654,3.308,7.71866666666667
"637","GO","522020","SÃO MIGUEL DO ARAGUAIA",8.62817142857143,22558,8.62817142857143,8.62817142857143,17.2563428571429,30.0773333333333
"638","GO","522026","SÃO MIGUEL DO PASSA QUATRO",1.883,4819,1.883,1.883,3.766,6.42533333333333
"639","GO","522028","SÃO PATRÍCIO",0.837142857142857,2930,0.837142857142857,0.837142857142857,1.67428571428571,3.90666666666667
"640","GO","522040","SÃO SIMÃO",6.84708571428571,17333,6.84708571428571,6.84708571428571,13.6941714285714,23.1106666666667
"641","GO","522045","SENADOR CANEDO",37.0979857142857,94378,37.0979857142857,37.0979857142857,74.1959714285714,125.837333333333
"642","GO","522050","SERRANÓPOLIS",3.20542857142857,7754,3.20542857142857,3.20542857142857,6.41085714285714,10.3386666666667
"643","GO","522060","SILVÂNIA",8.56512857142857,22277,8.56512857142857,8.56512857142857,17.1302571428571,29.7026666666667
"644","GO","522068","SIMOLÂNDIA",2.15828571428571,5799,2.15828571428571,2.15828571428571,4.31657142857143,7.732
"645","GO","522070","SÍTIO D'ABADIA",0.661714285714286,2316,0.661714285714286,0.661714285714286,1.32342857142857,3.088
"646","GO","522100","TAQUARAL DE GOIÁS",1.86092857142857,4825,1.86092857142857,1.86092857142857,3.72185714285714,6.43333333333333
"647","GO","522108","TERESINA DE GOIÁS",1.20042857142857,3492,1.20042857142857,1.20042857142857,2.40085714285714,4.656
"648","GO","522119","TEREZÓPOLIS DE GOIÁS",2.73628571428571,9577,2.73628571428571,2.73628571428571,5.47257142857143,12.7693333333333
"649","GO","522130","TRÊS RANCHOS",0.908571428571429,3180,0.908571428571429,0.908571428571429,1.81714285714286,4.24
"650","GO","522140","TRINDADE",40.4517857142857,102439,40.4517857142857,40.4517857142857,80.9035714285714,136.585333333333
"651","GO","522145","TROMBAS",1.55628571428571,3422,1.55628571428571,1.55628571428571,3.11257142857143,4.56266666666667
"652","GO","522150","TURVÂNIA",2.31857142857143,5712,2.31857142857143,2.31857142857143,4.63714285714286,7.616
"653","GO","522155","TURVELÂNDIA",1.2,4200,1.2,1.2,2.4,5.6
"654","GO","522157","UIRAPURU",0.896571428571429,3138,0.896571428571429,0.896571428571429,1.79314285714286,4.184
"655","GO","522160","URUAÇU",15.7149142857143,39250,15.7149142857143,15.7149142857143,31.4298285714286,52.3333333333333
"656","GO","522170","URUANA",5.91524285714286,15184,5.91524285714286,5.91524285714286,11.8304857142857,20.2453333333333
"657","GO","522180","URUTAÍ",1.30685714285714,4574,1.30685714285714,1.30685714285714,2.61371428571429,6.09866666666667
"658","GO","522185","VALPARAÍSO DE GOIÁS",47.8330285714286,124722,47.8330285714286,47.8330285714286,95.6660571428571,166.296
"659","GO","522190","VARJÃO",1.256,4396,1.256,1.256,2.512,5.86133333333333
"660","GO","522200","VIANÓPOLIS",6.19462857142857,16289,6.19462857142857,6.19462857142857,12.3892571428571,21.7186666666667
"661","GO","522205","VICENTINÓPOLIS",4.10434285714286,9910,4.10434285714286,4.10434285714286,8.20868571428571,13.2133333333333
"662","GO","522220","VILA BOA",2.23242857142857,5268,2.23242857142857,2.23242857142857,4.46485714285714,7.024
"663","GO","522230","VILA PROPÍCIO",2.63371428571429,6647,2.63371428571429,2.63371428571429,5.26742857142857,8.86266666666667
